,[QUOTE_UNIXTIME],[QUOTE_READTIME],[QUOTE_DATE],[QUOTE_TIME_HOURS],[UNDERLYING_LAST],[EXPIRE_DATE],[EXPIRE_UNIX],[DTE],[C_DELTA],[C_GAMMA],[C_VEGA],[C_THETA],[C_RHO],[C_IV],[C_VOLUME],[C_LAST],[C_SIZE],[C_BID],[C_ASK],[STRIKE],[P_BID],[P_ASK],[P_SIZE],[P_LAST],[P_DELTA],[P_GAMMA],[P_VEGA],[P_THETA],[P_RHO],[P_IV],[P_VOLUME],[STRIKE_DISTANCE],[STRIKE_DISTANCE_PCT]
0,1646168400,2022-03-01 16:00,2022-03-01,16.0,429.99,2022-03-02,1646254800,1.0,0.99055,0.00037,0.00803,-0.26653,0.01363,2.65232,,0.0,1 x 1,144.67,145.85,285.0,0.0,0.01,0 x 2106,0.01,-0.00066,6e-05,0.00031,-0.00514,-0.0004,1.79815,0.0,145.0,0.337
1,1646168400,2022-03-01 16:00,2022-03-01,16.0,429.99,2022-03-02,1646254800,1.0,0.99351,0.00025,0.00499,-0.15801,0.01379,2.38402,,0.0,300 x 300,139.91,140.39,290.0,0.0,0.01,0 x 2155,0.01,-0.00083,3e-05,0.00035,-0.00518,0.0,1.72626,861.0,140.0,0.326
2,1646168400,2022-03-01 16:00,2022-03-01,16.0,429.99,2022-03-02,1646254800,1.0,1.0,0.0,0.0,-0.0021,0.01383,,,0.0,30 x 30,134.25,135.38,295.0,0.0,0.01,0 x 2050,0.01,-0.00049,2e-05,0.00061,-0.00475,0.0,1.65597,0.0,135.0,0.314
3,1646168400,2022-03-01 16:00,2022-03-01,16.0,429.99,2022-03-02,1646254800,1.0,0.99409,0.00027,0.00516,-0.12752,0.01438,2.1422,,0.0,232 x 300,129.91,130.33,300.0,0.0,0.01,0 x 1949,0.02,-0.00081,0.0,0.00014,-0.00452,0.0,1.58654,0.0,130.0,0.302
4,1646168400,2022-03-01 16:00,2022-03-01,16.0,429.99,2022-03-02,1646254800,1.0,0.99405,0.00027,0.00468,-0.12792,0.0146,2.05336,,0.0,238 x 300,124.91,125.33,305.0,0.0,0.01,0 x 904,0.01,-0.00063,8e-05,0.00057,-0.00543,-0.00019,1.5179,1.0,125.0,0.291
5,1646168400,2022-03-01 16:00,2022-03-01,16.0,429.99,2022-03-02,1646254800,1.0,0.98824,0.0005,0.00914,-0.27505,0.01459,2.17445,,0.0,245 x 30,119.91,120.63,310.0,0.0,0.01,0 x 904,0.01,-0.00025,7e-05,0.00089,-0.0045,0.0,1.45052,0.0,120.0,0.279
6,1646168400,2022-03-01 16:00,2022-03-01,16.0,429.99,2022-03-02,1646254800,1.0,0.98832,0.00045,0.00919,-0.24603,0.01512,2.04717,0.0,99.92,252 x 30,114.91,115.57,315.0,0.0,0.01,0 x 1976,0.01,-8e-05,-1e-05,0.00023,-0.00517,0.0,1.3841,1.0,115.0,0.267
7,1646168400,2022-03-01 16:00,2022-03-01,16.0,429.99,2022-03-02,1646254800,1.0,0.9935,0.00032,0.00495,-0.11799,0.01475,1.77547,0.0,110.9,300 x 30,109.61,110.61,320.0,0.0,0.01,0 x 1070,0.01,-0.00046,1e-05,0.00018,-0.00466,-0.0005,1.31807,0.0,110.0,0.256
8,1646168400,2022-03-01 16:00,2022-03-01,16.0,429.99,2022-03-02,1646254800,1.0,0.99594,0.00029,0.00344,-0.05778,0.0149,1.55699,,0.0,30 x 30,104.47,105.63,325.0,0.0,0.01,0 x 905,0.02,-0.0004,8e-05,0.00021,-0.00494,0.0,1.25323,0.0,105.0,0.244
9,1646168400,2022-03-01 16:00,2022-03-01,16.0,429.99,2022-03-02,1646254800,1.0,0.98566,0.00071,0.01055,-0.2838,0.01526,1.81342,0.0,111.18,1 x 2,99.69,100.87,330.0,0.0,0.01,0 x 904,0.01,-0.00023,2e-05,0.00094,-0.00459,-0.0002,1.18946,110.0,100.0,0.233
10,1646168400,2022-03-01 16:00,2022-03-01,16.0,429.99,2022-03-02,1646254800,1.0,1.0,0.0,0.0,-0.00248,0.01563,,,0.0,2 x 2,94.24,95.67,335.0,0.0,0.01,0 x 904,0.01,-0.00076,1e-05,0.00075,-0.00487,-0.0002,1.12629,1.0,95.0,0.221
11,1646168400,2022-03-01 16:00,2022-03-01,16.0,429.99,2022-03-02,1646254800,1.0,0.99026,0.00062,0.00839,-0.15676,0.0163,1.50116,,0.0,300 x 300,89.91,90.39,340.0,0.0,0.01,0 x 904,0.02,-0.00053,4e-05,0.00107,-0.00485,0.0,1.06392,0.0,90.0,0.209
12,1646168400,2022-03-01 16:00,2022-03-01,16.0,429.99,2022-03-02,1646254800,1.0,1.0,0.0,0.0,-0.00223,0.01656,,,0.0,30 x 300,84.25,85.15,345.0,0.0,0.01,0 x 904,0.02,-0.00026,8e-05,0.00111,-0.00455,-9e-05,1.00212,11.0,85.0,0.198
13,1646168400,2022-03-01 16:00,2022-03-01,16.0,429.99,2022-03-02,1646254800,1.0,1.0,0.0,0.0,-0.00258,0.01638,,,0.0,196 x 300,79.62,80.15,350.0,0.0,0.01,0 x 904,0.01,-0.00041,4e-05,0.00111,-0.00517,-0.00016,0.94104,71.0,80.0,0.186
14,1646168400,2022-03-01 16:00,2022-03-01,16.0,429.99,2022-03-02,1646254800,1.0,0.98323,0.00107,0.01279,-0.2538,0.01604,1.36424,,0.0,2 x 2,75.64,76.86,354.0,0.01,0.02,236 x 2288,0.01,-0.00206,0.00025,0.00219,-0.015,-0.00053,0.98134,352.0,76.0,0.177
15,1646168400,2022-03-01 16:00,2022-03-01,16.0,429.99,2022-03-02,1646254800,1.0,1.0,0.0,0.0,-0.00197,0.0171,,,0.0,213 x 300,74.62,75.15,355.0,0.01,0.02,436 x 2287,0.01,-0.00179,0.00024,0.00181,-0.01578,-0.00049,0.96858,10.0,75.0,0.174
16,1646168400,2022-03-01 16:00,2022-03-01,16.0,429.99,2022-03-02,1646254800,1.0,0.98283,0.00111,0.0127,-0.25355,0.01609,1.32984,,0.0,2 x 2,73.64,74.86,356.0,0.01,0.02,536 x 2286,0.02,-0.0018,0.0002,0.00134,-0.01575,-0.00027,0.9556,68.0,74.0,0.172
17,1646168400,2022-03-01 16:00,2022-03-01,16.0,429.99,2022-03-02,1646254800,1.0,1.0,0.0,0.0,-0.0024,0.01735,,,0.0,30 x 300,72.25,73.15,357.0,0.01,0.02,536 x 2285,0.02,-0.00152,0.00023,0.00151,-0.01562,-0.00027,0.94326,2.0,73.0,0.17
18,1646168400,2022-03-01 16:00,2022-03-01,16.0,429.99,2022-03-02,1646254800,1.0,0.98617,0.00093,0.01089,-0.18581,0.01648,1.23708,,0.0,300 x 30,71.72,72.64,358.0,0.01,0.02,786 x 2209,0.04,-0.0015,0.00021,0.00149,-0.01581,0.0,0.93056,0.0,72.0,0.167
19,1646168400,2022-03-01 16:00,2022-03-01,16.0,429.99,2022-03-02,1646254800,1.0,1.0,0.0,0.0,-0.00271,0.01731,,,0.0,30 x 300,70.24,71.15,359.0,0.01,0.02,686 x 2208,0.02,-0.00154,0.0002,0.00142,-0.01464,0.0,0.91516,2.0,71.0,0.165
20,1646168400,2022-03-01 16:00,2022-03-01,16.0,429.99,2022-03-02,1646254800,1.0,0.98726,0.00099,0.00989,-0.16141,0.01685,1.17903,,0.0,300 x 300,69.91,70.4,360.0,0.01,0.02,786 x 2207,0.01,-0.0021,0.00023,0.00221,-0.01506,0.0,0.9014,73.0,70.0,0.163
21,1646168400,2022-03-01 16:00,2022-03-01,16.0,429.99,2022-03-02,1646254800,1.0,1.0,0.0,0.0,-0.00259,0.01755,,,0.0,2 x 300,68.24,69.15,361.0,0.01,0.02,886 x 2206,0.02,-0.00189,0.00023,0.00208,-0.01513,-0.0002,0.88894,51.0,69.0,0.16
22,1646168400,2022-03-01 16:00,2022-03-01,16.0,429.99,2022-03-02,1646254800,1.0,0.9963,0.00033,0.0033,-0.03354,0.01713,0.94014,,0.0,300 x 300,67.72,68.33,362.0,0.01,0.02,886 x 2205,0.02,-0.00196,0.00024,0.00177,-0.01462,-0.00019,0.87615,22.0,68.0,0.158
23,1646168400,2022-03-01 16:00,2022-03-01,16.0,429.99,2022-03-02,1646254800,1.0,0.98271,0.00125,0.01217,-0.2197,0.01634,1.1841,,0.0,300 x 300,66.69,67.74,363.0,0.01,0.02,986 x 2204,0.02,-0.0023,0.00022,0.00225,-0.01511,0.0,0.86355,5.0,67.0,0.156
24,1646168400,2022-03-01 16:00,2022-03-01,16.0,429.99,2022-03-02,1646254800,1.0,0.98276,0.00125,0.01222,-0.21467,0.01653,1.16418,,0.0,300 x 300,65.69,66.73,364.0,0.01,0.02,986 x 2203,0.02,-0.00195,0.00029,0.00162,-0.015,0.0,0.84933,230.0,66.0,0.153
25,1646168400,2022-03-01 16:00,2022-03-01,16.0,429.99,2022-03-02,1646254800,1.0,0.9797,0.00136,0.01487,-0.26292,0.01726,1.18378,,0.0,1 x 2,64.65,65.87,365.0,0.01,0.02,1054 x 2202,0.02,-0.00235,0.00026,0.00201,-0.01489,0.0,0.83802,443.0,65.0,0.151
26,1646168400,2022-03-01 16:00,2022-03-01,16.0,429.99,2022-03-02,1646254800,1.0,0.97977,0.0014,0.01466,-0.26208,0.01679,1.16723,,0.0,1 x 2,63.65,64.87,366.0,0.01,0.02,1054 x 2200,0.02,-0.0018,0.00027,0.002,-0.0153,-0.00041,0.82466,30.0,64.0,0.149
27,1646168400,2022-03-01 16:00,2022-03-01,16.0,429.99,2022-03-02,1646254800,1.0,0.99523,0.00047,0.00381,-0.03782,0.01712,0.88632,,0.0,300 x 300,62.72,63.34,367.0,0.01,0.02,1054 x 2199,0.02,-0.0018,0.00028,0.00181,-0.0149,0.0,0.81344,26.0,63.0,0.146
28,1646168400,2022-03-01 16:00,2022-03-01,16.0,429.99,2022-03-02,1646254800,1.0,0.99701,0.00039,0.00235,-0.02325,0.01735,0.82478,,0.0,30 x 30,61.46,62.57,368.0,0.01,0.02,1054 x 2197,0.03,-0.00254,0.0003,0.00232,-0.01511,-7e-05,0.80082,1.0,62.0,0.144
29,1646168400,2022-03-01 16:00,2022-03-01,16.0,429.99,2022-03-02,1646254800,1.0,0.99991,0.0,-0.00012,-0.00342,0.01763,0.62947,,0.0,300 x 30,60.59,61.4,369.0,0.01,0.02,1054 x 2038,0.02,-0.00168,0.00034,0.00246,-0.01505,-5e-05,0.78547,13.0,61.0,0.142
30,1646168400,2022-03-01 16:00,2022-03-01,16.0,429.99,2022-03-02,1646254800,1.0,0.97946,0.00158,0.01476,-0.24747,0.0172,1.08918,0.0,81.02,300 x 30,59.91,60.58,370.0,0.01,0.02,1054 x 2037,0.02,-0.00217,0.00027,0.0019,-0.01546,-0.00049,0.77436,38.0,60.0,0.14
31,1646168400,2022-03-01 16:00,2022-03-01,16.0,429.99,2022-03-02,1646254800,1.0,0.99587,0.00053,0.00431,-0.03797,0.01722,0.8316,,0.0,300 x 300,58.72,59.34,371.0,0.01,0.02,1054 x 1909,0.02,-0.00176,0.00034,0.00219,-0.01527,-0.00019,0.76107,2.0,59.0,0.137
32,1646168400,2022-03-01 16:00,2022-03-01,16.0,429.99,2022-03-02,1646254800,1.0,0.98255,0.00141,0.01226,-0.18982,0.01699,1.013,0.0,61.0,300 x 300,57.91,58.46,372.0,0.01,0.02,1070 x 1865,0.04,-0.00193,0.00028,0.0017,-0.01462,-0.00039,0.74916,5.0,58.0,0.135
33,1646168400,2022-03-01 16:00,2022-03-01,16.0,429.99,2022-03-02,1646254800,1.0,0.98444,0.00132,0.01193,-0.16059,0.01736,0.9718,0.0,63.14,300 x 300,56.91,57.4,373.0,0.01,0.02,1054 x 1926,0.02,-0.00271,0.00034,0.00201,-0.01481,0.0,0.73684,145.0,57.0,0.133
34,1646168400,2022-03-01 16:00,2022-03-01,16.0,429.99,2022-03-02,1646254800,1.0,0.9781,0.00169,0.01588,-0.25261,0.01769,1.02633,,0.0,300 x 30,55.91,56.59,374.0,0.01,0.02,970 x 1787,0.02,-0.00208,0.00032,0.00207,-0.01494,0.0,0.72446,51.0,56.0,0.13
35,1646168400,2022-03-01 16:00,2022-03-01,16.0,429.99,2022-03-02,1646254800,1.0,0.98072,0.00165,0.01448,-0.20877,0.01698,0.97914,,0.0,300 x 2,54.72,55.69,375.0,0.01,0.02,970 x 1755,0.02,-0.00277,0.00031,0.00244,-0.01557,-0.00044,0.71207,74.0,55.0,0.128
36,1646168400,2022-03-01 16:00,2022-03-01,16.0,429.99,2022-03-02,1646254800,1.0,1.0,0.0,0.0,-0.00215,0.01744,,,0.0,30 x 300,53.26,54.16,376.0,0.01,0.02,1170 x 1622,0.02,-0.00201,0.00038,0.00184,-0.01431,-0.00049,0.6965,11.0,54.0,0.126
37,1646168400,2022-03-01 16:00,2022-03-01,16.0,429.99,2022-03-02,1646254800,1.0,0.98037,0.00171,0.01419,-0.20909,0.01755,0.94648,,0.0,300 x 2,52.72,53.69,377.0,0.01,0.02,1170 x 1493,0.02,-0.00222,0.00037,0.00212,-0.01431,0.0,0.68388,39.0,53.0,0.123
38,1646168400,2022-03-01 16:00,2022-03-01,16.0,429.99,2022-03-02,1646254800,1.0,0.98361,0.0016,0.01236,-0.16073,0.01751,0.89265,,0.0,300 x 300,51.91,52.4,378.0,0.01,0.02,1270 x 1359,0.03,-0.00282,0.00037,0.00246,-0.01459,-0.00034,0.67049,15.0,52.0,0.121
39,1646168400,2022-03-01 16:00,2022-03-01,16.0,429.99,2022-03-02,1646254800,1.0,0.97512,0.0021,0.01688,-0.26159,0.017,0.94782,0.0,46.01,2 x 2,50.65,51.87,379.0,0.01,0.02,1370 x 1348,0.02,-0.00293,0.00037,0.00274,-0.01481,0.0,0.66028,28.0,51.0,0.119
40,1646168400,2022-03-01 16:00,2022-03-01,16.0,429.99,2022-03-02,1646254800,1.0,0.97501,0.00211,0.01681,-0.26057,0.0174,0.93134,0.0,37.61,2 x 2,49.65,50.87,380.0,0.01,0.02,1428 x 723,0.02,-0.00293,0.00042,0.00244,-0.0152,0.0,0.64821,461.0,50.0,0.116
41,1646168400,2022-03-01 16:00,2022-03-01,16.0,429.99,2022-03-02,1646254800,1.0,0.98175,0.00172,0.01252,-0.16531,0.01769,0.84923,,0.0,300 x 300,48.91,49.41,381.0,0.01,0.02,1428 x 526,0.03,-0.00312,0.00042,0.00274,-0.01488,-0.00051,0.63494,65.0,49.0,0.114
42,1646168400,2022-03-01 16:00,2022-03-01,16.0,429.99,2022-03-02,1646254800,1.0,0.9992,0.00023,0.00153,-0.0082,0.01763,0.56855,,0.0,30 x 300,47.47,48.53,382.0,0.01,0.02,1285 x 352,0.04,-0.00289,0.00046,0.00283,-0.01519,-0.00034,0.62289,1.0,48.0,0.112
43,1646168400,2022-03-01 16:00,2022-03-01,16.0,429.99,2022-03-02,1646254800,1.0,0.99493,0.00068,0.0046,-0.03239,0.01755,0.65612,,0.0,30 x 30,46.47,47.58,383.0,0.02,0.03,270 x 2035,0.02,-0.00457,0.00061,0.00357,-0.02499,-0.00014,0.64355,35.0,47.0,0.109
44,1646168400,2022-03-01 16:00,2022-03-01,16.0,429.99,2022-03-02,1646254800,1.0,1.0,0.0,0.0,-0.00273,0.01791,,0.0,52.61,30 x 25,45.47,46.47,384.0,0.02,0.03,536 x 2015,0.04,-0.00444,0.00069,0.00378,-0.02446,-0.00031,0.63041,8.0,46.0,0.107
45,1646168400,2022-03-01 16:00,2022-03-01,16.0,429.99,2022-03-02,1646254800,1.0,0.97487,0.00232,0.01748,-0.23206,0.01778,0.83128,0.0,49.5,300 x 300,44.72,45.74,385.0,0.02,0.03,536 x 1939,0.02,-0.00393,0.00069,0.00352,-0.02472,0.0,0.61701,236.0,45.0,0.105
46,1646168400,2022-03-01 16:00,2022-03-01,16.0,429.99,2022-03-02,1646254800,1.0,0.97177,0.00256,0.0187,-0.26523,0.01801,0.83383,0.0,37.56,1 x 1,43.66,44.87,386.0,0.02,0.03,1054 x 1922,0.03,-0.00485,0.00074,0.00426,-0.02513,0.0,0.60394,33.0,44.0,0.102
47,1646168400,2022-03-01 16:00,2022-03-01,16.0,429.99,2022-03-02,1646254800,1.0,0.98718,0.00166,0.00973,-0.09726,0.01801,0.69616,,0.0,25 x 25,42.7,43.48,387.0,0.02,0.03,1054 x 1902,0.07,-0.00441,0.00074,0.00403,-0.02523,-0.0001,0.59101,2.0,43.0,0.1
48,1646168400,2022-03-01 16:00,2022-03-01,16.0,429.99,2022-03-02,1646254800,1.0,0.98001,0.0022,0.0148,-0.1645,0.01833,0.73786,,0.0,300 x 300,41.91,42.41,388.0,0.02,0.03,1054 x 1837,0.05,-0.00476,0.00081,0.00447,-0.025,-0.0006,0.57835,9.0,42.0,0.098
49,1646168400,2022-03-01 16:00,2022-03-01,16.0,429.99,2022-03-02,1646254800,1.0,0.96998,0.00297,0.01986,-0.27385,0.0182,0.78784,,0.0,1 x 1,40.67,41.88,389.0,0.02,0.03,1054 x 1715,0.04,-0.00431,0.00085,0.0041,-0.02485,0.0,0.56562,23.0,41.0,0.095
50,1646168400,2022-03-01 16:00,2022-03-01,16.0,429.99,2022-03-02,1646254800,1.0,0.98055,0.00228,0.01346,-0.1458,0.01804,0.6929,3.0,39.64,25 x 4,39.7,40.58,390.0,0.02,0.03,1153 x 1534,0.03,-0.00475,0.00081,0.00431,-0.02518,0.0,0.55181,154.0,40.0,0.093
51,1646168400,2022-03-01 16:00,2022-03-01,16.0,429.99,2022-03-02,1646254800,1.0,0.97402,0.00284,0.01821,-0.21203,0.01789,0.72093,0.0,32.19,25 x 2,38.71,39.71,391.0,0.02,0.03,1153 x 1307,0.04,-0.00482,0.00092,0.00437,-0.02465,0.0,0.53818,119.0,39.0,0.091
52,1646168400,2022-03-01 16:00,2022-03-01,16.0,429.99,2022-03-02,1646254800,1.0,0.96814,0.00333,0.0209,-0.26873,0.01784,0.73559,0.0,39.1,2 x 2,37.66,38.88,392.0,0.02,0.03,1170 x 1145,0.03,-0.00493,0.00095,0.00434,-0.02469,-0.00026,0.52519,153.0,38.0,0.088
53,1646168400,2022-03-01 16:00,2022-03-01,16.0,429.99,2022-03-02,1646254800,1.0,0.96699,0.00346,0.02149,-0.27304,0.01807,0.72017,8.0,40.12,1 x 1,36.67,37.88,393.0,0.02,0.03,1370 x 825,0.05,-0.00479,0.00092,0.00451,-0.02424,-0.00036,0.51225,80.0,37.0,0.086
54,1646168400,2022-03-01 16:00,2022-03-01,16.0,429.99,2022-03-02,1646254800,1.0,0.98348,0.00229,0.01182,-0.10651,0.01798,0.60066,,0.0,25 x 25,35.71,36.49,394.0,0.02,0.03,1428 x 724,0.04,-0.00493,0.00103,0.00445,-0.02399,-0.00047,0.49947,85.0,36.0,0.084
55,1646168400,2022-03-01 16:00,2022-03-01,16.0,429.99,2022-03-02,1646254800,1.0,0.96901,0.00348,0.02035,-0.23506,0.01784,0.66778,0.0,42.25,300 x 300,34.72,35.75,395.0,0.03,0.04,1 x 1782,0.05,-0.00724,0.00132,0.00549,-0.03407,0.0,0.5057,245.0,35.0,0.081
56,1646168400,2022-03-01 16:00,2022-03-01,16.0,429.99,2022-03-02,1646254800,1.0,0.98297,0.00253,0.01248,-0.10629,0.01854,0.57004,,0.0,25 x 25,33.71,34.49,396.0,0.03,0.04,153 x 1574,0.04,-0.00679,0.00141,0.00628,-0.03394,-0.00046,0.49278,77.0,34.0,0.079
57,1646168400,2022-03-01 16:00,2022-03-01,16.0,429.99,2022-03-02,1646254800,1.0,0.98297,0.00258,0.01322,-0.10584,0.01795,0.55512,0.0,34.52,25 x 25,32.71,33.49,397.0,0.03,0.04,1153 x 1733,0.03,-0.00779,0.00147,0.00624,-0.03399,0.0,0.47903,131.0,33.0,0.077
58,1646168400,2022-03-01 16:00,2022-03-01,16.0,429.99,2022-03-02,1646254800,1.0,0.98185,0.00275,0.01353,-0.10604,0.01846,0.5405,,0.0,25 x 25,31.71,32.49,398.0,0.03,0.04,1153 x 1644,0.04,-0.00724,0.00147,0.00642,-0.03509,-8e-05,0.46643,58.0,32.0,0.074
59,1646168400,2022-03-01 16:00,2022-03-01,16.0,429.99,2022-03-02,1646254800,1.0,0.98049,0.00308,0.01412,-0.1159,0.01837,0.53305,0.0,42.47,25 x 25,30.72,31.5,399.0,0.03,0.04,1054 x 1132,0.04,-0.00812,0.00164,0.00662,-0.03525,-0.0001,0.45263,471.0,31.0,0.072
60,1646168400,2022-03-01 16:00,2022-03-01,16.0,429.99,2022-03-02,1646254800,1.0,1.0,0.0,0.0,-0.00308,0.01942,,17.0,31.11,30 x 300,29.25,30.19,400.0,0.04,0.05,1 x 1173,0.04,-0.00937,0.00197,0.00779,-0.04466,0.0,0.45293,2380.0,30.0,0.07
61,1646168400,2022-03-01 16:00,2022-03-01,16.0,429.99,2022-03-02,1646254800,1.0,0.97955,0.0034,0.01433,-0.11598,0.01894,0.50208,19.0,26.31,25 x 25,28.72,29.5,401.0,0.04,0.04,1173 x 170,0.06,-0.00945,0.0019,0.0077,-0.04005,-8e-05,0.43312,990.0,29.0,0.067
62,1646168400,2022-03-01 16:00,2022-03-01,16.0,429.99,2022-03-02,1646254800,1.0,0.97838,0.00365,0.01546,-0.11994,0.01808,0.49051,3.0,25.34,25 x 25,27.72,28.51,402.0,0.04,0.05,1173 x 1153,0.07,-0.01076,0.00223,0.00847,-0.04488,0.0,0.42606,367.0,28.0,0.065
63,1646168400,2022-03-01 16:00,2022-03-01,16.0,429.99,2022-03-02,1646254800,1.0,0.96437,0.00501,0.02332,-0.21952,0.01838,0.52808,6.0,27.38,300 x 25,26.93,27.51,403.0,0.04,0.05,1153 x 1270,0.09,-0.01062,0.00237,0.00835,-0.04487,-0.00063,0.4125,439.0,27.0,0.063
64,1646168400,2022-03-01 16:00,2022-03-01,16.0,429.99,2022-03-02,1646254800,1.0,0.97648,0.00408,0.01635,-0.12042,0.01868,0.45945,22.0,25.7,25 x 2,25.48,26.75,404.0,0.04,0.06,1153 x 1732,0.08,-0.01186,0.00257,0.0091,-0.04933,0.0,0.40435,1219.0,26.0,0.06
65,1646168400,2022-03-01 16:00,2022-03-01,16.0,429.99,2022-03-02,1646254800,1.0,0.98184,0.00351,0.01311,-0.08143,0.01881,0.41703,14.0,25.1,30 x 30,24.53,25.62,405.0,0.05,0.06,1173 x 736,0.07,-0.0131,0.00291,0.00991,-0.05449,0.0,0.39549,1919.0,25.0,0.058
66,1646168400,2022-03-01 16:00,2022-03-01,16.0,429.99,2022-03-02,1646254800,1.0,0.9711,0.00498,0.01907,-0.14383,0.01824,0.44199,0.0,28.21,25 x 25,23.75,24.53,406.0,0.06,0.07,386 x 904,0.12,-0.01553,0.0034,0.01172,-0.06366,-0.00026,0.38994,1171.0,24.0,0.056
67,1646168400,2022-03-01 16:00,2022-03-01,16.0,429.99,2022-03-02,1646254800,1.0,1.0,0.0,0.0,-0.00245,0.01935,,7.0,22.08,30 x 300,22.32,23.24,407.0,0.07,0.08,486 x 1246,0.08,-0.0184,0.00388,0.01268,-0.07311,-0.00016,0.3838,1904.0,23.0,0.053
68,1646168400,2022-03-01 16:00,2022-03-01,16.0,429.99,2022-03-02,1646254800,1.0,0.97689,0.00476,0.01621,-0.10077,0.01916,0.38574,0.0,27.08,29 x 25,21.77,22.42,408.0,0.08,0.09,586 x 1155,0.11,-0.02012,0.00441,0.01433,-0.08242,-0.00038,0.37601,1266.0,22.0,0.051
69,1646168400,2022-03-01 16:00,2022-03-01,16.0,429.99,2022-03-02,1646254800,1.0,0.96576,0.00645,0.02225,-0.16161,0.01864,0.40359,2.0,20.35,25 x 2,20.53,21.79,409.0,0.09,0.1,1164 x 370,0.11,-0.02339,0.00505,0.01613,-0.09289,-0.00042,0.36697,2485.0,21.0,0.049
70,1646168400,2022-03-01 16:00,2022-03-01,16.0,429.99,2022-03-02,1646254800,1.0,0.9515,0.0081,0.02995,-0.24327,0.01825,0.42099,13.0,18.0,19 x 19,19.8,20.7,410.0,0.11,0.12,1144 x 920,0.11,-0.02774,0.00591,0.01853,-0.1113,-0.00055,0.3639,5616.0,20.0,0.046
71,1646168400,2022-03-01 16:00,2022-03-01,16.0,429.99,2022-03-02,1646254800,1.0,0.9554,0.00821,0.02798,-0.20715,0.01829,0.38974,14.0,19.42,32 x 32,18.82,19.6,411.0,0.13,0.14,1047 x 852,0.14,-0.03246,0.00682,0.02197,-0.1305,-0.00059,0.3577,893.0,19.0,0.044
72,1646168400,2022-03-01 16:00,2022-03-01,16.0,429.99,2022-03-02,1646254800,1.0,1.0,0.0,0.0,-0.00251,0.01959,,10.0,18.76,30 x 300,17.41,18.32,412.0,0.15,0.17,1001 x 1088,0.15,-0.03817,0.00796,0.02495,-0.15313,-0.00113,0.35255,2193.0,18.0,0.042
73,1646168400,2022-03-01 16:00,2022-03-01,16.0,429.99,2022-03-02,1646254800,1.0,0.93309,0.01111,0.03863,-0.32421,0.01828,0.39578,93.0,17.59,11 x 11,17.09,17.6,413.0,0.18,0.2,570 x 880,0.18,-0.04451,0.00916,0.02775,-0.18,-0.00137,0.34706,2460.0,17.0,0.04
74,1646168400,2022-03-01 16:00,2022-03-01,16.0,429.99,2022-03-02,1646254800,1.0,0.929,0.01214,0.04036,-0.32707,0.01804,0.3783,21.0,16.1,300 x 300,16.14,16.56,414.0,0.23,0.23,150 x 170,0.24,-0.05341,0.01068,0.03173,-0.2159,-0.00149,0.34397,1798.0,16.0,0.037
75,1646168400,2022-03-01 16:00,2022-03-01,16.0,429.99,2022-03-02,1646254800,1.0,0.92048,0.01351,0.0443,-0.36353,0.01786,0.37069,73.0,13.25,15 x 15,15.18,15.61,415.0,0.27,0.28,1126 x 342,0.28,-0.06238,0.01228,0.03613,-0.25431,-0.00158,0.33877,8564.0,15.0,0.035
76,1646168400,2022-03-01 16:00,2022-03-01,16.0,429.99,2022-03-02,1646254800,1.0,0.94662,0.01222,0.03195,-0.1902,0.019,0.2995,60.0,12.18,15 x 300,13.91,14.48,416.0,0.32,0.34,1000 x 196,0.33,-0.07351,0.01408,0.04178,-0.30029,-0.00138,0.33471,3712.0,14.0,0.033
77,1646168400,2022-03-01 16:00,2022-03-01,16.0,429.99,2022-03-02,1646254800,1.0,0.89226,0.0172,0.05498,-0.48525,0.01737,0.36304,4.0,13.33,300 x 300,13.31,13.8,417.0,0.39,0.42,1000 x 456,0.41,-0.08794,0.01627,0.04767,-0.36015,-0.00206,0.33312,3195.0,13.0,0.03
78,1646168400,2022-03-01 16:00,2022-03-01,16.0,429.99,2022-03-02,1646254800,1.0,0.90472,0.0181,0.05024,-0.37664,0.01762,0.31762,8.0,12.9,20 x 250,12.06,12.78,418.0,0.48,0.5,19 x 108,0.46,-0.10406,0.01857,0.05338,-0.42503,-0.0024,0.33026,3329.0,12.0,0.028
79,1646168400,2022-03-01 16:00,2022-03-01,16.0,429.99,2022-03-02,1646254800,1.0,0.89375,0.02034,0.05365,-0.40011,0.01805,0.30372,17.0,12.82,20 x 300,11.18,11.73,419.0,0.57,0.6,346 x 43,0.63,-0.12219,0.02098,0.05971,-0.49246,-0.00246,0.32629,2607.0,11.0,0.026
80,1646168400,2022-03-01 16:00,2022-03-01,16.0,429.99,2022-03-02,1646254800,1.0,0.85012,0.0236,0.06925,-0.61954,0.01701,0.33312,264.0,10.16,75 x 75,10.47,11.06,420.0,0.72,0.74,38 x 185,0.69,-0.14501,0.02356,0.06799,-0.58876,-0.00252,0.32688,21300.0,10.0,0.023
81,1646168400,2022-03-01 16:00,2022-03-01,16.0,429.99,2022-03-02,1646254800,1.0,0.82784,0.02623,0.07539,-0.7013,0.01615,0.32966,146.0,8.64,25 x 20,9.62,10.19,421.0,0.83,0.86,85 x 35,0.85,-0.16628,0.02626,0.07434,-0.65603,-0.00371,0.32092,4836.0,9.0,0.021
82,1646168400,2022-03-01 16:00,2022-03-01,16.0,429.99,2022-03-02,1646254800,1.0,0.80357,0.02897,0.08217,-0.77322,0.01569,0.32298,195.0,7.65,25 x 30,8.79,9.3,422.0,1.0,1.04,100 x 133,0.99,-0.19383,0.0291,0.08077,-0.75273,-0.00404,0.31956,6555.0,8.0,0.019
83,1646168400,2022-03-01 16:00,2022-03-01,16.0,429.99,2022-03-02,1646254800,1.0,0.76692,0.03109,0.0906,-0.92638,0.01518,0.3324,222.0,7.04,250 x 90,8.19,8.51,423.0,1.19,1.22,114 x 64,1.28,-0.22156,0.03185,0.08848,-0.84083,-0.00446,0.31584,10472.0,7.0,0.016
84,1646168400,2022-03-01 16:00,2022-03-01,16.0,429.99,2022-03-02,1646254800,1.0,0.73755,0.03369,0.09649,-0.99956,0.01462,0.32671,444.0,7.19,15 x 15,7.49,7.61,424.0,1.42,1.46,100 x 129,1.42,-0.25461,0.03449,0.09522,-0.93811,-0.00536,0.31448,6976.0,6.0,0.014
85,1646168400,2022-03-01 16:00,2022-03-01,16.0,429.99,2022-03-02,1646254800,1.0,0.70976,0.03693,0.10092,-1.03344,0.01438,0.31401,930.0,6.81,5 x 5,6.67,6.74,425.0,1.68,1.71,60 x 60,1.69,-0.28917,0.03701,0.10154,-1.02346,-0.00586,0.31236,28831.0,5.0,0.012
86,1646168400,2022-03-01 16:00,2022-03-01,16.0,429.99,2022-03-02,1646254800,1.0,0.6713,0.03896,0.10657,-1.1232,0.01297,0.31449,716.0,6.08,5 x 5,5.99,6.06,426.0,1.95,1.99,65 x 27,1.93,-0.32589,0.03955,0.10678,-1.09387,-0.00665,0.30816,12177.0,4.0,0.009
87,1646168400,2022-03-01 16:00,2022-03-01,16.0,429.99,2022-03-02,1646254800,1.0,0.63245,0.04114,0.1116,-1.17793,0.01278,0.31009,1654.0,5.32,30 x 5,5.32,5.35,427.0,2.24,2.28,100 x 20,2.28,-0.36469,0.04193,0.1116,-1.14303,-0.00709,0.30254,16158.0,3.0,0.007
88,1646168400,2022-03-01 16:00,2022-03-01,16.0,429.99,2022-03-02,1646254800,1.0,0.59122,0.04286,0.1153,-1.21894,0.01221,0.3059,5604.0,4.75,23 x 25,4.66,4.72,428.0,2.62,2.67,22 x 8,2.65,-0.40724,0.04344,0.115,-1.19783,-0.00864,0.30133,22976.0,2.0,0.005
89,1646168400,2022-03-01 16:00,2022-03-01,16.0,429.99,2022-03-02,1646254800,1.0,0.54808,0.04388,0.11689,-1.25223,0.011,0.3054,10495.0,4.18,52 x 36,4.1,4.14,429.0,3.01,3.06,7 x 7,2.97,-0.45073,0.04489,0.11729,-1.21779,-0.00956,0.29753,22290.0,1.0,0.002
90,1646168400,2022-03-01 16:00,2022-03-01,16.0,429.99,2022-03-02,1646254800,1.0,0.50428,0.04521,0.11778,-1.23511,0.01034,0.29794,24160.0,3.57,50 x 20,3.5,3.53,430.0,3.52,3.5,25 x 126,3.46,-0.4958,0.04591,0.1183,-1.22789,-0.00961,0.29746,41613.0,0.0,0.0
91,1646168400,2022-03-01 16:00,2022-03-01,16.0,429.99,2022-03-02,1646254800,1.0,0.45761,0.04563,0.11721,-1.20732,0.00953,0.29443,20521.0,3.04,30 x 52,2.97,3.02,431.0,3.91,3.92,8 x 18,4.09,-0.54285,0.0467,0.11735,-1.17352,-0.01039,0.28668,14578.0,1.0,0.002
92,1646168400,2022-03-01 16:00,2022-03-01,16.0,429.99,2022-03-02,1646254800,1.0,0.41151,0.04526,0.11466,-1.15646,0.00819,0.29055,22399.0,2.6,31 x 36,2.51,2.54,432.0,4.43,4.49,6 x 6,4.44,-0.59061,0.0462,0.11458,-1.12703,-0.01148,0.28425,16799.0,2.0,0.005
93,1646168400,2022-03-01 16:00,2022-03-01,16.0,429.99,2022-03-02,1646254800,1.0,0.36406,0.04476,0.11088,-1.06793,0.00715,0.28286,22463.0,2.14,1 x 26,2.04,2.09,433.0,5.0,5.07,5 x 5,5.0,-0.63714,0.04513,0.11129,-1.05128,-0.01272,0.28021,12421.0,3.0,0.007
94,1646168400,2022-03-01 16:00,2022-03-01,16.0,429.99,2022-03-02,1646254800,1.0,0.31899,0.04303,0.10588,-0.97979,0.00608,0.28054,21926.0,1.72,2 x 50,1.69,1.72,434.0,5.79,5.86,5 x 5,5.63,-0.67424,0.04162,0.10665,-1.02849,-0.0127,0.29167,8114.0,4.0,0.009
95,1646168400,2022-03-01 16:00,2022-03-01,16.0,429.99,2022-03-02,1646254800,1.0,0.26745,0.04167,0.09748,-0.82373,0.00538,0.2674,38995.0,1.31,34 x 29,1.26,1.3,435.0,6.28,6.34,4 x 4,6.35,-0.73016,0.04117,0.09808,-0.83465,-0.01413,0.26999,9514.0,5.0,0.012
96,1646168400,2022-03-01 16:00,2022-03-01,16.0,429.99,2022-03-02,1646254800,1.0,0.23203,0.03792,0.09056,-0.74443,0.0047,0.27179,28023.0,1.08,55 x 98,1.05,1.1,436.0,6.8,7.1,300 x 30,7.34,-0.77975,0.0385,0.08777,-0.67211,-0.01452,0.2574,3979.0,6.0,0.014
97,1646168400,2022-03-01 16:00,2022-03-01,16.0,429.99,2022-03-02,1646254800,1.0,0.19528,0.03444,0.08152,-0.6367,0.004,0.26983,17123.0,0.87,87 x 35,0.84,0.87,437.0,7.49,8.01,40 x 1,7.77,-0.81688,0.03434,0.07849,-0.57209,-0.01425,0.25698,1853.0,7.0,0.016
98,1646168400,2022-03-01 16:00,2022-03-01,16.0,429.99,2022-03-02,1646254800,1.0,0.15489,0.03072,0.07047,-0.49663,0.00329,0.2617,15634.0,0.62,43 x 81,0.61,0.63,438.0,8.3,8.75,300 x 300,10.48,-0.85687,0.02969,0.06721,-0.43952,-0.01396,0.24712,1385.0,8.0,0.019
99,1646168400,2022-03-01 16:00,2022-03-01,16.0,429.99,2022-03-02,1646254800,1.0,0.13143,0.02699,0.06322,-0.42972,0.00263,0.26683,10860.0,0.52,1 x 50,0.51,0.52,439.0,9.14,9.62,300 x 300,11.06,-0.88628,0.02464,0.05638,-0.35327,-0.01386,0.24413,125.0,9.0,0.021
100,1646168400,2022-03-01 16:00,2022-03-01,16.0,429.99,2022-03-02,1646254800,1.0,0.10453,0.0232,0.05305,-0.33595,0.00203,0.26427,31078.0,0.41,17 x 302,0.38,0.39,440.0,9.98,10.5,35 x 25,12.18,-0.91537,0.01877,0.04549,-0.2298,-0.01205,0.23491,757.0,10.0,0.023
101,1646168400,2022-03-01 16:00,2022-03-01,16.0,429.99,2022-03-02,1646254800,1.0,0.08162,0.01943,0.04477,-0.25757,0.00117,0.26172,9833.0,0.29,150 x 920,0.28,0.29,441.0,10.79,11.4,300 x 300,11.04,-0.94329,0.00965,0.03217,-0.0849,-0.00893,0.21523,170.0,11.0,0.026
102,1646168400,2022-03-01 16:00,2022-03-01,16.0,429.99,2022-03-02,1646254800,1.0,0.06187,0.01603,0.03635,-0.19092,0.00126,0.25891,5795.0,0.21,621 x 910,0.2,0.21,442.0,11.73,12.32,300 x 300,12.66,-0.9512,0.00211,0.02815,-0.01564,-0.00585,0.20933,43.0,12.0,0.028
103,1646168400,2022-03-01 16:00,2022-03-01,16.0,429.99,2022-03-02,1646254800,1.0,0.04631,0.01284,0.02858,-0.13813,0.00065,0.25634,8417.0,0.15,1332 x 150,0.14,0.15,443.0,12.45,13.74,2 x 1,14.17,-0.94436,0.00727,0.03161,-0.08525,-0.00915,0.2493,127.0,13.0,0.03
104,1646168400,2022-03-01 16:00,2022-03-01,16.0,429.99,2022-03-02,1646254800,1.0,0.03479,0.01024,0.02299,-0.10044,0.00055,0.25601,8978.0,0.11,119 x 798,0.1,0.11,444.0,13.4,14.88,2 x 2,15.86,-0.93935,0.0085,0.03458,-0.13027,-0.01005,0.28016,13.0,14.0,0.033
105,1646168400,2022-03-01 16:00,2022-03-01,16.0,429.99,2022-03-02,1646254800,1.0,0.02621,0.00807,0.01756,-0.07273,0.00071,0.25569,7560.0,0.07,807 x 1138,0.07,0.08,445.0,14.64,15.18,20 x 300,15.6,-1.0,0.0,0.0,0.0,0.0,,567.0,15.0,0.035
106,1646168400,2022-03-01 16:00,2022-03-01,16.0,429.99,2022-03-02,1646254800,1.0,0.01739,0.0057,0.01243,-0.04481,-0.00015,0.2495,3777.0,0.06,2625 x 286,0.04,0.05,446.0,15.74,16.35,20 x 300,15.94,-0.94927,0.00246,0.02934,-0.03527,-0.00647,0.28271,5.0,16.0,0.037
107,1646168400,2022-03-01 16:00,2022-03-01,16.0,429.99,2022-03-02,1646254800,1.0,0.0135,0.00459,0.0101,-0.03417,0.00057,0.2539,1806.0,0.04,153 x 973,0.03,0.04,447.0,16.73,17.13,11 x 20,16.46,-1.0,0.0,0.0,0.0,0.0,,17.0,17.0,0.04
108,1646168400,2022-03-01 16:00,2022-03-01,16.0,429.99,2022-03-02,1646254800,1.0,0.00999,0.00351,0.00739,-0.02459,0.00048,0.25498,3469.0,0.03,1153 x 1485,0.02,0.03,448.0,17.72,18.12,20 x 20,19.02,-1.0,0.0,0.0,0.0,0.0,,38.0,18.0,0.042
109,1646168400,2022-03-01 16:00,2022-03-01,16.0,429.99,2022-03-02,1646254800,1.0,0.00653,0.00232,0.00474,-0.01482,-0.00023,0.25028,2145.0,0.02,1829 x 1149,0.01,0.02,449.0,18.31,19.49,2 x 20,19.17,-1.0,0.0,0.0,0.0,0.0,,11.0,19.0,0.044
110,1646168400,2022-03-01 16:00,2022-03-01,16.0,429.99,2022-03-02,1646254800,1.0,0.00577,0.00216,0.00478,-0.0141,0.00028,0.26162,3837.0,0.01,905 x 1550,0.01,0.02,450.0,19.59,20.11,20 x 299,20.1,-1.0,0.0,0.0,0.0,0.0,,479.0,20.0,0.047
111,1646168400,2022-03-01 16:00,2022-03-01,16.0,429.99,2022-03-02,1646254800,1.0,0.00595,0.00199,0.00495,-0.0145,0.00044,0.27285,1980.0,0.01,736 x 2951,0.01,0.02,451.0,20.59,21.1,20 x 300,22.8,-1.0,0.0,0.0,0.0,0.0,,25.0,21.0,0.049
112,1646168400,2022-03-01 16:00,2022-03-01,16.0,429.99,2022-03-02,1646254800,1.0,0.0056,0.00187,0.00443,-0.01483,0.00011,0.28358,1201.0,0.01,586 x 3009,0.01,0.02,452.0,21.31,22.48,2 x 20,23.64,-1.0,0.0,0.0,0.0,0.0,,14.0,22.0,0.051
113,1646168400,2022-03-01 16:00,2022-03-01,16.0,429.99,2022-03-02,1646254800,1.0,0.0051,0.00173,0.00441,-0.01406,-6e-05,0.29482,1247.0,0.01,336 x 3081,0.01,0.02,453.0,22.32,23.77,2 x 2,23.16,-0.94662,0.00126,0.02946,-0.03527,-0.00649,0.40144,26.0,23.0,0.054
114,1646168400,2022-03-01 16:00,2022-03-01,16.0,429.99,2022-03-02,1646254800,1.0,0.00464,0.00165,0.00479,-0.01502,0.00034,0.30574,709.0,0.01,236 x 3117,0.01,0.02,454.0,23.59,24.29,20 x 20,22.56,-1.0,0.0,0.0,0.0,0.0,,12.0,24.0,0.056
115,1646168400,2022-03-01 16:00,2022-03-01,16.0,429.99,2022-03-02,1646254800,1.0,0.00367,0.0012,0.00334,-0.00979,-0.00041,0.30469,1138.0,0.01,136 x 1000,0.01,0.01,455.0,24.32,25.77,2 x 2,25.94,-0.94674,0.00099,0.0303,-0.03503,-0.00557,0.43497,4.0,25.0,0.058
116,1646168400,2022-03-01 16:00,2022-03-01,16.0,429.99,2022-03-02,1646254800,1.0,0.00165,0.00075,0.00214,-0.00474,3e-05,0.29529,848.0,0.01,0 x 3699,0.0,0.01,456.0,25.59,26.1,20 x 300,27.01,-1.0,0.0,0.0,0.0,0.0,,4.0,26.0,0.06
117,1646168400,2022-03-01 16:00,2022-03-01,16.0,429.99,2022-03-02,1646254800,1.0,0.00186,0.0007,0.00169,-0.00464,-6e-05,0.30464,42.0,0.01,0 x 1173,0.0,0.01,457.0,26.32,27.77,2 x 2,27.9,-0.94582,0.00083,0.02996,-0.03525,-0.0065,0.46824,1.0,27.0,0.063
118,1646168400,2022-03-01 16:00,2022-03-01,16.0,429.99,2022-03-02,1646254800,1.0,0.00142,0.00061,0.00211,-0.00521,5e-05,0.31459,136.0,0.01,0 x 1153,0.0,0.01,458.0,27.36,28.37,4 x 2,28.95,-1.0,0.0,0.0,0.0,0.0,,4.0,28.0,0.065
119,1646168400,2022-03-01 16:00,2022-03-01,16.0,429.99,2022-03-02,1646254800,1.0,0.00208,0.00063,0.00205,-0.005,0.00034,0.32459,327.0,0.01,0 x 886,0.0,0.01,459.0,28.59,29.1,20 x 300,24.2,-1.0,0.0,0.0,0.0,0.0,,4.0,29.0,0.067
120,1646168400,2022-03-01 16:00,2022-03-01,16.0,429.99,2022-03-02,1646254800,1.0,0.00155,0.0006,0.00199,-0.00474,0.00015,0.33425,1006.0,0.01,0 x 3238,0.0,0.01,460.0,29.32,30.1,2 x 20,29.17,-1.0,0.0,0.0,0.0,0.0,,4.0,30.0,0.07
121,1646168400,2022-03-01 16:00,2022-03-01,16.0,429.99,2022-03-02,1646254800,1.0,0.00216,0.00058,0.00201,-0.00503,-0.00013,0.34436,274.0,0.01,0 x 1054,0.0,0.01,461.0,30.32,31.1,2 x 20,28.08,-1.0,0.0,0.0,0.0,0.0,,0.0,31.0,0.072
122,1646168400,2022-03-01 16:00,2022-03-01,16.0,429.99,2022-03-02,1646254800,1.0,0.00157,0.00049,0.00184,-0.00466,-0.00042,0.35403,677.0,0.01,0 x 1055,0.0,0.01,462.0,31.48,32.1,300 x 300,28.6,-1.0,0.0,0.0,0.0,0.0,,1.0,32.0,0.074
123,1646168400,2022-03-01 16:00,2022-03-01,16.0,429.99,2022-03-02,1646254800,1.0,0.00207,0.00053,0.00115,-0.00471,0.00035,0.3636,66.0,0.01,0 x 1063,0.0,0.01,463.0,32.6,33.22,300 x 300,0.0,-1.0,0.0,0.0,0.0,0.0,,,33.0,0.077
124,1646168400,2022-03-01 16:00,2022-03-01,16.0,429.99,2022-03-02,1646254800,1.0,0.00144,0.00045,0.00143,-0.00491,-0.00011,0.3736,22.0,0.01,0 x 2643,0.0,0.01,464.0,33.59,34.38,20 x 300,34.36,-1.0,0.0,0.0,0.0,0.0,,5.0,34.0,0.079
125,1646168400,2022-03-01 16:00,2022-03-01,16.0,429.99,2022-03-02,1646254800,1.0,0.00179,0.00049,0.00131,-0.00457,0.00015,0.3829,154.0,0.01,0 x 2312,0.0,0.01,465.0,34.32,35.77,2 x 2,31.58,-0.94316,0.00055,0.03152,-0.03556,-0.00592,0.60313,1.0,35.0,0.081
126,1646168400,2022-03-01 16:00,2022-03-01,16.0,429.99,2022-03-02,1646254800,1.0,0.0017,0.00038,0.00101,-0.0055,-0.0004,0.39227,2.0,0.01,0 x 2309,0.0,0.01,466.0,35.6,36.1,300 x 219,34.57,-1.0,0.0,0.0,0.0,0.0,,0.0,36.0,0.084
127,1646168400,2022-03-01 16:00,2022-03-01,16.0,429.99,2022-03-02,1646254800,1.0,0.00157,0.00039,0.0013,-0.00545,0.00011,0.40243,27.0,0.01,0 x 3037,0.0,0.01,467.0,36.59,37.77,20 x 2,32.67,-0.93959,0.00184,0.03329,-0.16966,-0.00763,0.67876,1.0,37.0,0.086
128,1646168400,2022-03-01 16:00,2022-03-01,16.0,429.99,2022-03-02,1646254800,1.0,0.0016,0.00035,0.00149,-0.00512,0.00048,0.41131,1361.0,0.01,0 x 6292,0.0,0.01,468.0,37.32,38.1,2 x 20,20.0,-1.0,0.0,0.0,0.0,0.0,,0.0,38.0,0.088
129,1646168400,2022-03-01 16:00,2022-03-01,16.0,429.99,2022-03-02,1646254800,1.0,0.00119,0.00034,0.0018,-0.00488,-0.00023,0.42135,0.0,0.01,0 x 3536,0.0,0.01,469.0,38.59,39.1,20 x 300,32.64,-1.0,0.0,0.0,0.0,0.0,,0.0,39.0,0.091
130,1646168400,2022-03-01 16:00,2022-03-01,16.0,429.99,2022-03-02,1646254800,1.0,0.00102,0.0004,0.00122,-0.00519,-0.0003,0.43039,41.0,0.01,0 x 2349,0.0,0.01,470.0,39.32,40.1,2 x 20,40.13,-1.0,0.0,0.0,0.0,0.0,,2.0,40.0,0.093
131,1646168400,2022-03-01 16:00,2022-03-01,16.0,429.99,2022-03-02,1646254800,1.0,0.00139,0.00037,0.00127,-0.00476,-0.00037,0.43998,0.0,0.01,0 x 38,0.0,0.01,471.0,40.32,41.29,2 x 20,0.0,-1.0,0.0,0.0,0.0,0.0,,,41.0,0.095
132,1646168400,2022-03-01 16:00,2022-03-01,16.0,429.99,2022-03-02,1646254800,1.0,0.00157,0.00031,0.00095,-0.00493,-1e-05,0.44886,1.0,0.01,0 x 15,0.0,0.01,472.0,41.6,42.1,300 x 224,56.35,-1.0,0.0,0.0,0.0,0.0,,0.0,42.0,0.098
133,1646168400,2022-03-01 16:00,2022-03-01,16.0,429.99,2022-03-02,1646254800,1.0,0.00168,0.00033,0.00123,-0.00501,-0.00024,0.45838,1.0,0.01,0 x 78,0.0,0.01,473.0,42.59,43.77,20 x 2,0.0,-0.93802,0.0014,0.03347,-0.17034,-0.00771,0.77934,,43.0,0.1
134,1646168400,2022-03-01 16:00,2022-03-01,16.0,429.99,2022-03-02,1646254800,1.0,0.00158,0.00029,0.00098,-0.0053,0.00018,0.46794,4.0,0.01,0 x 50,0.0,0.01,474.0,43.32,44.1,2 x 20,59.03,-1.0,0.0,0.0,0.0,0.0,,0.0,44.0,0.102
135,1646168400,2022-03-01 16:00,2022-03-01,16.0,429.99,2022-03-02,1646254800,1.0,0.00165,0.0003,0.00094,-0.00504,-0.00023,0.47714,2.0,0.01,0 x 3706,0.0,0.01,475.0,44.32,45.1,2 x 20,43.6,-1.0,0.0,0.0,0.0,0.0,,1.0,45.0,0.105
136,1646168400,2022-03-01 16:00,2022-03-01,16.0,429.99,2022-03-02,1646254800,1.0,0.00273,0.00041,0.00209,-0.01016,0.0001,0.51683,0.0,0.01,0 x 2295,0.0,0.02,476.0,45.6,46.1,300 x 226,32.72,-1.0,0.0,0.0,0.0,0.0,,0.0,46.0,0.107
137,1646168400,2022-03-01 16:00,2022-03-01,16.0,429.99,2022-03-02,1646254800,1.0,0.00101,0.00026,0.00115,-0.00475,-0.00016,0.49535,0.0,0.01,0 x 38,0.0,0.01,477.0,46.59,47.77,20 x 2,0.0,-0.93663,0.0012,0.03365,-0.16999,-0.00734,0.84664,,47.0,0.109
138,1646168400,2022-03-01 16:00,2022-03-01,16.0,429.99,2022-03-02,1646254800,1.0,0.00147,0.00026,0.00112,-0.00527,-0.00017,0.50423,0.0,0.01,0 x 2352,0.0,0.01,478.0,47.32,48.1,2 x 20,33.7,-1.0,0.0,0.0,0.0,0.0,,0.0,48.0,0.112
139,1646168400,2022-03-01 16:00,2022-03-01,16.0,429.99,2022-03-02,1646254800,1.0,0.0023,0.00043,0.00161,-0.00987,2e-05,0.54531,0.0,0.01,0 x 2300,0.0,0.02,479.0,48.59,49.77,20 x 2,0.0,-0.93579,0.00113,0.03432,-0.17009,-0.00772,0.88014,,49.0,0.114
140,1646168400,2022-03-01 16:00,2022-03-01,16.0,429.99,2022-03-02,1646254800,1.0,0.00104,0.0003,0.00137,-0.00453,-0.00042,0.52218,0.0,0.01,0 x 3442,0.0,0.01,480.0,49.32,50.77,2 x 2,28.96,-0.93838,0.00023,0.03246,-0.03511,-0.00647,0.85664,0.0,50.0,0.116
141,1646168400,2022-03-01 16:00,2022-03-01,16.0,429.99,2022-03-02,1646254800,1.0,0.00243,0.0004,0.00233,-0.00951,0.00018,0.56192,,0.0,0 x 2303,0.0,0.02,481.0,50.6,51.1,300 x 226,0.0,-1.0,0.0,0.0,0.0,0.0,,,51.0,0.119
142,1646168400,2022-03-01 16:00,2022-03-01,16.0,429.99,2022-03-02,1646254800,1.0,0.00137,0.00023,0.0013,-0.00535,-0.00048,0.54066,0.0,0.01,0 x 2773,0.0,0.01,482.0,51.59,52.42,20 x 300,0.0,-1.0,0.0,0.0,0.0,0.0,,,52.0,0.121
143,1646168400,2022-03-01 16:00,2022-03-01,16.0,429.99,2022-03-02,1646254800,1.0,0.00119,0.00022,0.00072,-0.0053,0.00049,0.54905,0.0,0.01,0 x 38,0.0,0.01,483.0,52.32,53.77,2 x 2,51.19,-0.93714,0.00023,0.03281,-0.03544,-0.00621,0.90735,4.0,53.0,0.123
144,1646168400,2022-03-01 16:00,2022-03-01,16.0,429.99,2022-03-02,1646254800,1.0,0.00073,0.00024,0.00089,-0.00466,0.00033,0.55774,0.0,0.01,0 x 38,0.0,0.01,484.0,53.6,54.1,300 x 227,66.78,-1.0,0.0,0.0,0.0,0.0,,0.0,54.0,0.126
145,1646168400,2022-03-01 16:00,2022-03-01,16.0,429.99,2022-03-02,1646254800,1.0,0.00146,0.00019,0.00118,-0.00543,-0.00032,0.56694,0.0,0.01,0 x 3763,0.0,0.01,485.0,54.32,55.16,2 x 253,35.0,-1.0,0.0,0.0,0.0,0.0,,0.0,55.0,0.128
146,1646168400,2022-03-01 16:00,2022-03-01,16.0,429.99,2022-03-02,1646254800,1.0,0.00149,0.00031,0.00168,-0.01023,0.00026,0.61286,0.0,0.01,0 x 2308,0.0,0.02,486.0,55.32,56.77,2 x 2,51.18,-0.93593,0.00018,0.03346,-0.03465,-0.00611,0.95736,2.0,56.0,0.13
147,1646168400,2022-03-01 16:00,2022-03-01,16.0,429.99,2022-03-02,1646254800,1.0,0.0007,0.00017,0.00144,-0.00542,8e-05,0.58502,,0.0,0 x 38,0.0,0.01,487.0,56.59,57.77,20 x 2,0.0,-0.93384,0.00083,0.03421,-0.16967,-0.00714,1.01398,,57.0,0.133
148,1646168400,2022-03-01 16:00,2022-03-01,16.0,429.99,2022-03-02,1646254800,1.0,0.00121,0.00022,0.00128,-0.0055,-0.00027,0.59353,0.0,0.01,0 x 15,0.0,0.01,488.0,57.32,58.35,2 x 20,58.98,-1.0,0.0,0.0,0.0,0.0,,7.0,58.0,0.135
149,1646168400,2022-03-01 16:00,2022-03-01,16.0,429.99,2022-03-02,1646254800,1.0,0.00109,0.00014,0.0006,-0.0051,0.00026,0.60169,,0.0,0 x 1928,0.0,0.01,489.0,58.6,59.22,300 x 300,0.0,-1.0,0.0,0.0,0.0,0.0,,,59.0,0.137
150,1646168400,2022-03-01 16:00,2022-03-01,16.0,429.99,2022-03-02,1646254800,1.0,0.00065,0.00015,0.00055,-0.00537,-0.00037,0.611,0.0,0.01,0 x 4156,0.0,0.01,490.0,59.32,60.1,2 x 20,0.0,-1.0,0.0,0.0,0.0,0.0,,,60.0,0.14
151,1646168400,2022-03-01 16:00,2022-03-01,16.0,429.99,2022-03-02,1646254800,1.0,0.0007,0.00018,0.00116,-0.00503,0.0,0.61991,,0.0,0 x 1250,0.0,0.01,491.0,60.32,61.1,2 x 20,0.0,-1.0,0.0,0.0,0.0,0.0,,,61.0,0.142
152,1646168400,2022-03-01 16:00,2022-03-01,16.0,429.99,2022-03-02,1646254800,1.0,0.00084,0.00021,0.00144,-0.00471,-0.0004,0.62865,0.0,0.02,0 x 1250,0.0,0.01,492.0,61.32,62.1,2 x 20,0.0,-1.0,0.0,0.0,0.0,0.0,,,62.0,0.144
153,1646168400,2022-03-01 16:00,2022-03-01,16.0,429.99,2022-03-02,1646254800,1.0,0.00101,0.00017,0.00111,-0.00456,-9e-05,0.63656,0.0,0.01,0 x 1250,0.0,0.01,493.0,62.32,63.1,2 x 20,0.0,-1.0,0.0,0.0,0.0,0.0,,,63.0,0.147
154,1646168400,2022-03-01 16:00,2022-03-01,16.0,429.99,2022-03-02,1646254800,1.0,0.00076,0.00014,0.00048,-0.00501,0.0003,0.64592,0.0,0.01,0 x 1150,0.0,0.01,494.0,63.32,64.1,2 x 20,0.0,-1.0,0.0,0.0,0.0,0.0,,,64.0,0.149
155,1646168400,2022-03-01 16:00,2022-03-01,16.0,429.99,2022-03-02,1646254800,1.0,0.00102,0.00013,0.00089,-0.00528,0.00017,0.65415,0.0,0.01,0 x 1250,0.0,0.01,495.0,64.32,65.1,2 x 20,0.0,-1.0,0.0,0.0,0.0,0.0,,,65.0,0.151
156,1646168400,2022-03-01 16:00,2022-03-01,16.0,429.99,2022-03-02,1646254800,1.0,0.00068,0.00014,0.00121,-0.00505,6e-05,0.66307,0.0,0.01,0 x 1250,0.0,0.01,496.0,65.59,66.29,20 x 20,0.0,-1.0,0.0,0.0,0.0,0.0,,,66.0,0.154
157,1646168400,2022-03-01 16:00,2022-03-01,16.0,429.99,2022-03-02,1646254800,1.0,0.00073,0.00017,0.00092,-0.00485,0.00037,0.67153,0.0,0.01,0 x 1250,0.0,0.01,497.0,66.6,67.22,300 x 300,0.0,-1.0,0.0,0.0,0.0,0.0,,,67.0,0.156
158,1646168400,2022-03-01 16:00,2022-03-01,16.0,429.99,2022-03-02,1646254800,1.0,0.00056,0.00011,0.00045,-0.00529,-0.0004,0.67932,0.0,0.01,0 x 1250,0.0,0.01,498.0,67.48,68.1,300 x 300,0.0,-1.0,0.0,0.0,0.0,0.0,,,68.0,0.158
159,1646168400,2022-03-01 16:00,2022-03-01,16.0,429.99,2022-03-02,1646254800,1.0,0.00135,0.00011,0.00055,-0.00518,-6e-05,0.68844,0.0,0.01,0 x 1250,0.0,0.01,499.0,68.32,69.1,2 x 20,0.0,-1.0,0.0,0.0,0.0,0.0,,,69.0,0.16
160,1646168400,2022-03-01 16:00,2022-03-01,16.0,429.99,2022-03-02,1646254800,1.0,0.00136,0.00014,0.00106,-0.00537,6e-05,0.69693,4.0,0.01,0 x 4923,0.0,0.01,500.0,69.72,70.1,20 x 20,43.66,-1.0,0.0,0.0,0.0,0.0,,0.0,70.0,0.163
161,1646168400,2022-03-01 16:00,2022-03-01,16.0,429.99,2022-03-02,1646254800,1.0,0.00087,9e-05,0.00103,-0.00519,5e-05,0.7138,0.0,0.01,0 x 1370,0.0,0.01,502.0,71.48,72.1,300 x 300,0.0,-1.0,0.0,0.0,0.0,0.0,,,72.0,0.167
162,1646168400,2022-03-01 16:00,2022-03-01,16.0,429.99,2022-03-02,1646254800,1.0,0.0006,0.00018,0.00044,-0.00523,0.00011,0.73828,0.0,0.02,0 x 1250,0.0,0.01,505.0,74.32,75.1,2 x 20,0.0,-1.0,0.0,0.0,0.0,0.0,,,75.0,0.174
163,1646168400,2022-03-01 16:00,2022-03-01,16.0,429.99,2022-03-02,1646254800,1.0,0.00036,0.00015,0.00038,-0.0053,-0.0001,0.77987,0.0,0.01,0 x 1250,0.0,0.01,510.0,79.59,80.77,20 x 2,0.0,-0.92635,0.00036,0.03706,-0.17062,-0.00718,1.39941,,80.0,0.186
164,1646168400,2022-03-01 16:00,2022-03-01,16.0,429.99,2022-03-02,1646254800,1.0,0.00121,0.00011,0.0003,-0.00504,-0.00046,0.82091,0.0,0.01,0 x 1250,0.0,0.01,515.0,84.32,85.1,2 x 20,0.0,-1.0,0.0,0.0,0.0,0.0,,,85.0,0.198
165,1646168400,2022-03-01 16:00,2022-03-01,16.0,429.99,2022-03-02,1646254800,1.0,0.00107,0.00013,0.00083,-0.00536,-0.00049,0.86095,0.0,0.01,0 x 1400,0.0,0.01,520.0,89.59,90.77,20 x 2,90.34,-0.92218,0.00031,0.03826,-0.17083,-0.00776,1.56718,0.0,90.0,0.209
166,1646168400,2022-03-01 16:00,2022-03-01,16.0,429.99,2022-03-02,1646254800,1.0,0.00081,0.00014,0.00114,-0.00459,-0.00047,0.90023,0.0,0.01,0 x 1281,0.0,0.01,525.0,94.32,95.09,2 x 20,0.0,-1.0,0.0,0.0,0.0,0.0,,,95.0,0.221
167,1646168400,2022-03-01 16:00,2022-03-01,16.0,429.99,2022-03-02,1646254800,1.0,0.00068,4e-05,0.00092,-0.00514,8e-05,0.93901,0.0,0.01,0 x 1361,0.0,0.01,530.0,99.6,100.22,300 x 300,0.0,-1.0,0.0,0.0,0.0,0.0,,,100.0,0.233
168,1646168400,2022-03-01 16:00,2022-03-01,16.0,429.99,2022-03-02,1646254800,1.0,0.0013,0.00011,0.00162,-0.01037,0.00018,1.03603,0.0,0.01,0 x 2314,0.0,0.02,535.0,104.59,105.09,20 x 20,117.24,-1.0,0.0,0.0,0.0,0.0,,0.0,105.0,0.244
169,1646168400,2022-03-01 16:00,2022-03-01,16.0,429.99,2022-03-02,1646254800,1.0,0.00111,7e-05,0.00041,-0.0054,-0.00039,1.01614,1.0,0.01,0 x 4923,0.0,0.01,540.0,109.32,110.09,2 x 20,0.0,-1.0,0.0,0.0,0.0,0.0,,,110.0,0.256
170,1646168400,2022-03-01 16:00,2022-03-01,16.0,429.99,2022-03-04,1646427600,3.0,0.9933,0.00017,0.00889,-0.20612,0.02417,2.48364,,0.0,1 x 1,189.69,190.85,240.0,0.0,0.01,0 x 1705,0.01,-0.0001,4e-05,0.00024,-0.00474,0.0,1.70407,0.0,190.0,0.442
171,1646168400,2022-03-01 16:00,2022-03-01,16.0,429.99,2022-03-04,1646427600,3.0,0.99194,0.00018,0.00962,-0.20554,0.02536,2.32483,,0.0,1 x 1,179.69,180.85,250.0,0.0,0.01,0 x 1624,0.01,-0.00044,6e-05,0.00071,-0.00439,-0.00042,1.59068,0.0,180.0,0.419
172,1646168400,2022-03-01 16:00,2022-03-01,16.0,429.99,2022-03-04,1646427600,3.0,0.99245,0.00025,0.00966,-0.20503,0.02587,2.24803,,0.0,1 x 1,174.69,175.85,255.0,0.0,0.01,0 x 1604,0.01,-0.00062,2e-05,0.00048,-0.00435,0.0,1.53496,0.0,175.0,0.407
173,1646168400,2022-03-01 16:00,2022-03-01,16.0,429.99,2022-03-04,1646427600,3.0,0.9984,5e-05,0.00267,-0.04227,0.02663,1.78826,,0.0,2 x 1,169.24,170.85,260.0,0.0,0.01,0 x 1504,0.01,-0.00031,0.0,0.00086,-0.0049,0.0,1.4811,0.0,170.0,0.395
174,1646168400,2022-03-01 16:00,2022-03-01,16.0,429.99,2022-03-04,1646427600,3.0,0.99781,5e-05,0.00291,-0.0467,0.02686,1.74321,,0.0,2 x 1,164.24,165.86,265.0,0.0,0.01,0 x 1585,0.01,-0.00072,-3e-05,0.0009,-0.00418,-0.00024,1.42838,612.0,165.0,0.384
175,1646168400,2022-03-01 16:00,2022-03-01,16.0,429.99,2022-03-04,1646427600,3.0,0.99161,0.00031,0.01053,-0.20626,0.02685,2.02898,,0.0,1 x 1,159.69,160.86,270.0,0.0,0.01,0 x 1504,0.01,0.0,0.0,0.00042,-0.00482,0.0,1.37595,2714.0,160.0,0.372
176,1646168400,2022-03-01 16:00,2022-03-01,16.0,429.99,2022-03-04,1646427600,3.0,0.99077,0.00026,0.01108,-0.20574,0.02762,1.95697,,0.0,1 x 2,154.69,155.86,275.0,0.0,0.01,0 x 1485,0.01,-0.00033,-1e-05,0.00062,-0.00415,-0.00025,1.32459,620.0,155.0,0.36
177,1646168400,2022-03-01 16:00,2022-03-01,16.0,429.99,2022-03-04,1646427600,3.0,0.99658,9e-05,0.00395,-0.05743,0.02861,1.59787,,0.0,33 x 33,149.49,150.64,280.0,0.0,0.01,0 x 1385,0.01,-0.00033,3e-05,0.00027,-0.00475,-0.00036,1.27416,544.0,150.0,0.349
178,1646168400,2022-03-01 16:00,2022-03-01,16.0,429.99,2022-03-04,1646427600,3.0,0.99881,2e-05,0.0016,-0.02185,0.02878,1.38335,,0.0,33 x 33,144.47,145.57,285.0,0.0,0.01,0 x 1199,0.02,0.0,-2e-05,0.00022,-0.00482,-0.00034,1.2244,0.0,145.0,0.337
179,1646168400,2022-03-01 16:00,2022-03-01,16.0,429.99,2022-03-04,1646427600,3.0,1.0,0.0,0.0,-0.00209,0.02941,,,0.0,33 x 33,139.25,140.4,290.0,0.0,0.01,0 x 1073,0.01,-0.0002,4e-05,0.00068,-0.00422,-0.00042,1.1755,258.0,140.0,0.326
180,1646168400,2022-03-01 16:00,2022-03-01,16.0,429.99,2022-03-04,1646427600,3.0,1.0,0.0,0.0,-0.00217,0.03024,,,0.0,2 x 33,134.24,135.43,295.0,0.01,0.01,246 x 904,0.01,-0.00102,7e-05,0.00084,-0.00885,-0.00022,1.1893,406.0,135.0,0.314
181,1646168400,2022-03-01 16:00,2022-03-01,16.0,429.99,2022-03-04,1646427600,3.0,1.0,0.0,0.0,-0.00168,0.03091,,,0.0,2 x 300,129.24,130.46,300.0,0.01,0.02,81 x 2357,0.01,-0.00078,7e-05,0.00172,-0.01309,-0.00051,1.18103,162.0,130.0,0.302
182,1646168400,2022-03-01 16:00,2022-03-01,16.0,429.99,2022-03-04,1646427600,3.0,0.99638,0.00015,0.00458,-0.04924,0.03074,1.27977,,0.0,33 x 33,124.47,125.64,305.0,0.01,0.02,128 x 1592,0.02,-0.00152,3e-05,0.00124,-0.0129,-0.0002,1.12493,144.0,125.0,0.291
183,1646168400,2022-03-01 16:00,2022-03-01,16.0,429.99,2022-03-04,1646427600,3.0,0.99625,0.00024,0.00504,-0.05268,0.03173,1.23517,0.0,126.51,33 x 33,119.47,120.65,310.0,0.01,0.02,239 x 2385,0.02,-0.00075,0.00012,0.00166,-0.01322,-5e-05,1.08001,298.0,120.0,0.279
184,1646168400,2022-03-01 16:00,2022-03-01,16.0,429.99,2022-03-04,1646427600,3.0,0.99422,0.00028,0.00797,-0.08883,0.03159,1.26094,,0.0,20 x 2,114.53,115.69,315.0,0.01,0.02,578 x 1603,0.02,-0.00079,6e-05,0.0017,-0.01362,-0.00032,1.02951,64.0,115.0,0.267
185,1646168400,2022-03-01 16:00,2022-03-01,16.0,429.99,2022-03-04,1646427600,3.0,0.99314,0.00031,0.00767,-0.08883,0.03198,1.2028,0.0,110.98,20 x 2,109.53,110.69,320.0,0.01,0.02,1031 x 511,0.02,-0.0016,0.0001,0.00132,-0.01299,0.0,0.98278,33.0,110.0,0.256
186,1646168400,2022-03-01 16:00,2022-03-01,16.0,429.99,2022-03-04,1646427600,3.0,0.98789,0.00058,0.01345,-0.16875,0.03221,1.2592,,0.0,300 x 300,104.71,105.75,325.0,0.01,0.02,1266 x 382,0.02,-0.00094,6e-05,0.00226,-0.01315,-0.00041,0.93331,546.0,105.0,0.244
187,1646168400,2022-03-01 16:00,2022-03-01,16.0,429.99,2022-03-04,1646427600,3.0,1.0,0.0,0.0,-0.00195,0.0338,,,0.0,2 x 300,99.23,100.17,330.0,0.02,0.03,200 x 2401,0.05,-0.0017,0.00012,0.00283,-0.02155,0.0,0.92908,12.0,100.0,0.233
188,1646168400,2022-03-01 16:00,2022-03-01,16.0,429.99,2022-03-04,1646427600,3.0,1.0,0.0,0.0,-0.00263,0.03392,,,0.0,2 x 33,94.24,95.45,335.0,0.02,0.03,386 x 1701,0.04,-0.00169,0.00022,0.0029,-0.02111,0.0,0.88022,158.0,95.0,0.221
189,1646168400,2022-03-01 16:00,2022-03-01,16.0,429.99,2022-03-04,1646427600,3.0,1.0,0.0,0.0,-0.00233,0.03423,,,0.0,33 x 33,89.27,90.41,340.0,0.02,0.03,1074 x 357,0.03,-0.0027,0.00016,0.00332,-0.02084,-0.00024,0.83193,23.0,90.0,0.209
190,1646168400,2022-03-01 16:00,2022-03-01,16.0,429.99,2022-03-04,1646427600,3.0,0.98503,0.00084,0.01626,-0.1683,0.03468,1.02261,,0.0,300 x 300,84.72,85.75,345.0,0.03,0.04,1 x 1473,0.04,-0.0036,0.00026,0.00409,-0.02876,-0.0005,0.81175,255.0,85.0,0.198
191,1646168400,2022-03-01 16:00,2022-03-01,16.0,429.99,2022-03-04,1646427600,3.0,0.98867,0.00066,0.01272,-0.12061,0.03467,0.95945,,0.0,25 x 33,83.71,84.61,346.0,0.02,0.03,1690 x 150,0.07,-0.00237,0.00019,0.00326,-0.02135,-0.0004,0.77536,275.0,84.0,0.195
192,1646168400,2022-03-01 16:00,2022-03-01,16.0,429.99,2022-03-04,1646427600,3.0,1.0,0.0,0.0,-0.00211,0.03502,,,0.0,2 x 300,82.24,83.49,347.0,0.02,0.03,1688 x 204,0.07,-0.00221,0.00026,0.00299,-0.02153,0.0,0.76632,1.0,83.0,0.193
193,1646168400,2022-03-01 16:00,2022-03-01,16.0,429.99,2022-03-04,1646427600,3.0,0.9965,0.0003,0.00477,-0.03264,0.0355,0.78568,,0.0,300 x 33,81.61,82.46,348.0,0.03,0.04,229 x 1685,0.06,-0.00338,0.0003,0.00405,-0.02898,-0.00062,0.78349,0.0,82.0,0.191
194,1646168400,2022-03-01 16:00,2022-03-01,16.0,429.99,2022-03-04,1646427600,3.0,1.0,0.0,0.0,-0.0022,0.03582,,,0.0,33 x 33,80.27,81.43,349.0,0.03,0.04,229 x 1683,0.06,-0.00358,0.0003,0.00426,-0.0283,-0.00029,0.77305,1.0,81.0,0.188
195,1646168400,2022-03-01 16:00,2022-03-01,16.0,429.99,2022-03-04,1646427600,3.0,0.99233,0.00061,0.00932,-0.0786,0.03556,0.86042,,0.0,25 x 25,79.71,80.49,350.0,0.03,0.04,78 x 1681,0.07,-0.00339,0.00028,0.00421,-0.02875,-0.00062,0.7631,245.0,80.0,0.186
196,1646168400,2022-03-01 16:00,2022-03-01,16.0,429.99,2022-03-04,1646427600,3.0,1.0,0.0,0.0,-0.002,0.0359,,,0.0,33 x 33,78.26,79.46,351.0,0.03,0.04,915 x 334,0.05,-0.00338,0.00028,0.00418,-0.0287,0.0,0.75357,1.0,79.0,0.184
197,1646168400,2022-03-01 16:00,2022-03-01,16.0,429.99,2022-03-04,1646427600,3.0,0.98403,0.00095,0.01735,-0.1734,0.03521,0.94718,,0.0,300 x 300,77.73,78.76,352.0,0.03,0.04,1201 x 332,0.05,-0.00343,0.00034,0.00476,-0.02864,-1e-05,0.74413,1.0,78.0,0.181
198,1646168400,2022-03-01 16:00,2022-03-01,16.0,429.99,2022-03-04,1646427600,3.0,0.99077,0.00071,0.01013,-0.08583,0.03613,0.83917,,0.0,25 x 25,76.72,77.5,353.0,0.03,0.04,1239 x 328,0.13,-0.00365,0.00031,0.00499,-0.02882,-7e-05,0.73465,0.0,77.0,0.179
199,1646168400,2022-03-01 16:00,2022-03-01,16.0,429.99,2022-03-04,1646427600,3.0,0.9888,0.00075,0.01254,-0.10599,0.03587,0.854,,0.0,20 x 2,75.55,76.73,354.0,0.03,0.04,1584 x 140,0.05,-0.00395,0.00036,0.00417,-0.02908,-0.00027,0.72525,5.0,76.0,0.177
200,1646168400,2022-03-01 16:00,2022-03-01,16.0,429.99,2022-03-04,1646427600,3.0,0.98883,0.00083,0.01216,-0.1059,0.03602,0.84358,1.0,74.42,20 x 2,74.55,75.73,355.0,0.03,0.04,1672 x 367,0.08,-0.00328,0.00037,0.00518,-0.02809,0.0,0.71511,149.0,75.0,0.174
201,1646168400,2022-03-01 16:00,2022-03-01,16.0,429.99,2022-03-04,1646427600,3.0,0.99069,0.00071,0.01045,-0.08573,0.03557,0.80695,1.0,73.52,25 x 25,73.72,74.5,356.0,0.04,0.05,204 x 1670,0.07,-0.00467,0.0004,0.0053,-0.0365,-0.00035,0.72546,263.0,74.0,0.172
202,1646168400,2022-03-01 16:00,2022-03-01,16.0,429.99,2022-03-04,1646427600,3.0,1.0,0.0,0.0,-0.00273,0.03634,,,0.0,33 x 300,72.28,73.2,357.0,0.04,0.05,485 x 1635,0.08,-0.0043,0.00042,0.00532,-0.03565,0.0,0.71539,1.0,73.0,0.17
203,1646168400,2022-03-01 16:00,2022-03-01,16.0,429.99,2022-03-04,1646427600,3.0,1.0,0.0,0.0,-0.00195,0.03631,,,0.0,2 x 33,71.25,72.45,358.0,0.04,0.05,1001 x 347,0.08,-0.00469,0.00048,0.00633,-0.03613,-0.00014,0.70555,0.0,72.0,0.167
204,1646168400,2022-03-01 16:00,2022-03-01,16.0,429.99,2022-03-04,1646427600,3.0,1.0,0.0,0.0,-0.00274,0.03635,,,0.0,33 x 33,70.28,71.48,359.0,0.04,0.05,904 x 317,0.06,-0.00456,0.00043,0.00549,-0.03635,-0.00046,0.69637,16.0,71.0,0.165
205,1646168400,2022-03-01 16:00,2022-03-01,16.0,429.99,2022-03-04,1646427600,3.0,1.0,0.0,0.0,-0.00257,0.03667,,0.0,73.14,33 x 300,69.29,70.2,360.0,0.04,0.05,1632 x 319,0.06,-0.00429,0.00045,0.00605,-0.0359,-0.00024,0.68655,158.0,70.0,0.163
206,1646168400,2022-03-01 16:00,2022-03-01,16.0,429.99,2022-03-04,1646427600,3.0,0.99449,0.00059,0.00671,-0.04657,0.03654,0.69353,,0.0,300 x 33,68.62,69.49,361.0,0.04,0.05,1577 x 145,0.1,-0.00473,0.00049,0.00576,-0.03642,0.0,0.67644,17.0,69.0,0.16
207,1646168400,2022-03-01 16:00,2022-03-01,16.0,429.99,2022-03-04,1646427600,3.0,1.0,0.0,0.0,-0.00238,0.03728,,,0.0,2 x 33,67.26,68.45,362.0,0.04,0.05,1565 x 62,0.07,-0.00448,0.00049,0.00616,-0.03551,0.0,0.66727,8.0,68.0,0.158
208,1646168400,2022-03-01 16:00,2022-03-01,16.0,429.99,2022-03-04,1646427600,3.0,1.0,0.0,0.0,-0.00242,0.0368,,,0.0,2 x 33,66.26,67.48,363.0,0.05,0.06,485 x 476,0.1,-0.00563,0.00055,0.00705,-0.04285,-0.00066,0.67261,11.0,67.0,0.156
209,1646168400,2022-03-01 16:00,2022-03-01,16.0,429.99,2022-03-04,1646427600,3.0,1.0,0.0,0.0,-0.00287,0.03678,,,0.0,33 x 33,65.29,66.49,364.0,0.05,0.06,904 x 327,0.1,-0.00552,0.00062,0.00766,-0.04285,-0.00021,0.66263,277.0,66.0,0.153
210,1646168400,2022-03-01 16:00,2022-03-01,16.0,429.99,2022-03-04,1646427600,3.0,0.98789,0.00097,0.01283,-0.0978,0.0366,0.72786,0.0,63.36,25 x 25,64.74,65.52,365.0,0.05,0.06,970 x 298,0.08,-0.0061,0.00054,0.00749,-0.04335,-0.00018,0.65309,30.0,65.0,0.151
211,1646168400,2022-03-01 16:00,2022-03-01,16.0,429.99,2022-03-04,1646427600,3.0,0.97873,0.00141,0.02167,-0.18722,0.03592,0.79907,,0.0,300 x 300,63.75,64.8,366.0,0.05,0.06,1410 x 177,0.11,-0.00555,0.00058,0.00772,-0.0432,-0.00014,0.64299,4.0,64.0,0.149
212,1646168400,2022-03-01 16:00,2022-03-01,16.0,429.99,2022-03-04,1646427600,3.0,0.97854,0.00148,0.02241,-0.18694,0.03697,0.78814,,0.0,300 x 300,62.75,63.8,367.0,0.05,0.06,1568 x 71,0.12,-0.00584,0.00062,0.00783,-0.04288,-0.00021,0.63316,116.0,63.0,0.146
213,1646168400,2022-03-01 16:00,2022-03-01,16.0,429.99,2022-03-04,1646427600,3.0,1.0,0.0,0.0,-0.0021,0.03712,,,0.0,33 x 33,61.3,62.47,368.0,0.06,0.07,536 x 1633,0.12,-0.00711,0.00071,0.00842,-0.05026,-0.00018,0.63654,0.0,62.0,0.144
214,1646168400,2022-03-01 16:00,2022-03-01,16.0,429.99,2022-03-04,1646427600,3.0,0.97838,0.00153,0.02241,-0.18282,0.03625,0.76273,,0.0,300 x 300,60.75,61.79,369.0,0.06,0.07,536 x 1398,0.06,-0.00674,0.0007,0.00913,-0.05033,-0.00018,0.62642,13.0,61.0,0.142
215,1646168400,2022-03-01 16:00,2022-03-01,16.0,429.99,2022-03-04,1646427600,3.0,0.97884,0.00159,0.02203,-0.17995,0.03714,0.74866,6.0,60.84,300 x 300,59.75,60.78,370.0,0.06,0.07,926 x 278,0.08,-0.00694,0.00076,0.00915,-0.04977,-9e-05,0.61603,61.0,60.0,0.14
216,1646168400,2022-03-01 16:00,2022-03-01,16.0,429.99,2022-03-04,1646427600,3.0,1.0,0.0,0.0,-0.00245,0.03757,,,0.0,33 x 33,58.31,59.48,371.0,0.06,0.07,1241 x 719,0.08,-0.00721,0.0008,0.00889,-0.04936,-0.00046,0.60681,19.0,59.0,0.137
217,1646168400,2022-03-01 16:00,2022-03-01,16.0,429.99,2022-03-04,1646427600,3.0,1.0,0.0,0.0,-0.00293,0.0381,,,0.0,33 x 33,57.31,58.51,372.0,0.07,0.08,170 x 1622,0.13,-0.00884,0.00088,0.01001,-0.05676,-0.00071,0.60642,31.0,58.0,0.135
218,1646168400,2022-03-01 16:00,2022-03-01,16.0,429.99,2022-03-04,1646427600,3.0,0.9764,0.00177,0.02444,-0.18709,0.03723,0.72048,,0.0,300 x 300,56.76,57.8,373.0,0.07,0.08,590 x 291,0.16,-0.00879,0.00091,0.0106,-0.05669,-0.00025,0.59793,19.0,57.0,0.133
219,1646168400,2022-03-01 16:00,2022-03-01,16.0,429.99,2022-03-04,1646427600,3.0,0.98441,0.00133,0.01677,-0.11145,0.03713,0.64812,,0.0,25 x 25,55.76,56.55,374.0,0.07,0.08,923 x 984,0.14,-0.00855,0.00094,0.01004,-0.05671,-0.00021,0.58707,63.0,56.0,0.13
220,1646168400,2022-03-01 16:00,2022-03-01,16.0,429.99,2022-03-04,1646427600,3.0,1.0,0.0,0.0,-0.00259,0.03829,,0.0,81.32,33 x 33,54.33,55.47,375.0,0.07,0.08,1420 x 53,0.09,-0.00918,0.00099,0.01088,-0.0561,-0.00028,0.57712,29.0,55.0,0.128
221,1646168400,2022-03-01 16:00,2022-03-01,16.0,429.99,2022-03-04,1646427600,3.0,1.0,0.0,0.0,-0.00214,0.0379,,,0.0,33 x 33,53.33,54.49,376.0,0.08,0.08,736 x 79,0.15,-0.00987,0.00101,0.01146,-0.05993,-0.00037,0.57208,5.0,54.0,0.126
222,1646168400,2022-03-01 16:00,2022-03-01,16.0,429.99,2022-03-04,1646427600,3.0,0.97456,0.00199,0.02574,-0.1882,0.03759,0.67629,0.0,48.67,300 x 300,52.77,53.8,377.0,0.08,0.09,904 x 1071,0.19,-0.0096,0.00108,0.01185,-0.0629,-0.00036,0.5662,3.0,53.0,0.123
223,1646168400,2022-03-01 16:00,2022-03-01,16.0,429.99,2022-03-04,1646427600,3.0,1.0,0.0,0.0,-0.00255,0.03873,,,0.0,33 x 33,51.34,52.53,378.0,0.08,0.09,1241 x 136,0.1,-0.00995,0.00108,0.01207,-0.0631,-1e-05,0.5572,8.0,52.0,0.121
224,1646168400,2022-03-01 16:00,2022-03-01,16.0,429.99,2022-03-04,1646427600,3.0,0.98155,0.00171,0.01967,-0.12333,0.03773,0.60537,,0.0,25 x 25,50.78,51.57,379.0,0.09,0.1,904 x 406,0.12,-0.01097,0.00119,0.01272,-0.06927,-0.00088,0.55512,4.0,51.0,0.119
225,1646168400,2022-03-01 16:00,2022-03-01,16.0,429.99,2022-03-04,1646427600,3.0,0.98149,0.00178,0.01989,-0.12259,0.03815,0.59355,0.0,51.84,25 x 25,49.78,50.57,380.0,0.09,0.1,989 x 909,0.1,-0.01136,0.00126,0.01329,-0.06919,-0.00052,0.54404,407.0,50.0,0.116
226,1646168400,2022-03-01 16:00,2022-03-01,16.0,429.99,2022-03-04,1646427600,3.0,0.98018,0.00189,0.02015,-0.12845,0.03849,0.58825,,0.0,25 x 25,48.79,49.58,381.0,0.1,0.11,336 x 1546,0.17,-0.01247,0.00139,0.01379,-0.07625,-0.00104,0.54143,141.0,49.0,0.114
227,1646168400,2022-03-01 16:00,2022-03-01,16.0,429.99,2022-03-04,1646427600,3.0,1.0,0.0,0.0,-0.00212,0.0392,,,0.0,33 x 33,47.31,48.55,382.0,0.1,0.11,718 x 806,0.22,-0.0125,0.00147,0.01431,-0.07539,-0.00071,0.53105,121.0,48.0,0.112
228,1646168400,2022-03-01 16:00,2022-03-01,16.0,429.99,2022-03-04,1646427600,3.0,1.0,0.0,0.0,-0.00253,0.03915,,,0.0,33 x 33,46.36,47.51,383.0,0.11,0.12,203 x 1541,0.16,-0.01385,0.00154,0.01602,-0.08159,-0.00058,0.52773,60.0,47.0,0.109
229,1646168400,2022-03-01 16:00,2022-03-01,16.0,429.99,2022-03-04,1646427600,3.0,1.0,0.0,0.0,-0.00233,0.03923,,,0.0,33 x 300,45.36,46.29,384.0,0.11,0.12,768 x 840,0.2,-0.01392,0.00159,0.01623,-0.08136,-0.0009,0.51784,96.0,46.0,0.107
230,1646168400,2022-03-01 16:00,2022-03-01,16.0,429.99,2022-03-04,1646427600,3.0,1.0,0.0,0.0,-0.00229,0.03938,,0.0,52.01,33 x 33,44.37,45.54,385.0,0.12,0.13,333 x 902,0.13,-0.01517,0.00177,0.0166,-0.08764,-0.00023,0.51299,118.0,45.0,0.105
231,1646168400,2022-03-01 16:00,2022-03-01,16.0,429.99,2022-03-04,1646427600,3.0,1.0,0.0,0.0,-0.00218,0.03988,,,0.0,33 x 33,43.37,44.49,386.0,0.12,0.14,970 x 1841,0.16,-0.01648,0.00187,0.01774,-0.0912,-0.00112,0.5059,7.0,44.0,0.102
232,1646168400,2022-03-01 16:00,2022-03-01,16.0,429.99,2022-03-04,1646427600,3.0,0.96747,0.00292,0.03227,-0.2076,0.03833,0.57639,0.0,32.28,300 x 300,42.82,43.84,387.0,0.13,0.14,968 x 636,0.21,-0.01728,0.00191,0.01883,-0.09345,-0.0004,0.49841,36.0,43.0,0.1
233,1646168400,2022-03-01 16:00,2022-03-01,16.0,429.99,2022-03-04,1646427600,3.0,1.0,0.0,0.0,-0.00304,0.03993,,,0.0,33 x 33,41.39,42.54,388.0,0.14,0.15,499 x 711,0.19,-0.01855,0.0021,0.01998,-0.09935,-0.00087,0.49251,21.0,42.0,0.098
234,1646168400,2022-03-01 16:00,2022-03-01,16.0,429.99,2022-03-04,1646427600,3.0,1.0,0.0,0.0,-0.00256,0.03959,,,0.0,33 x 33,40.39,41.51,389.0,0.15,0.16,203 x 1824,0.24,-0.01951,0.0023,0.02085,-0.10535,-0.00064,0.48691,58.0,41.0,0.095
235,1646168400,2022-03-01 16:00,2022-03-01,16.0,429.99,2022-03-04,1646427600,3.0,0.99813,0.00053,0.00328,-0.0112,0.03992,0.34236,0.0,47.84,33 x 33,39.41,40.61,390.0,0.15,0.16,1309 x 170,0.23,-0.01977,0.00232,0.02126,-0.10503,-0.00095,0.47647,643.0,40.0,0.093
236,1646168400,2022-03-01 16:00,2022-03-01,16.0,429.99,2022-03-04,1646427600,3.0,0.97663,0.00261,0.02441,-0.125,0.03859,0.47867,,0.0,33 x 33,38.63,39.74,391.0,0.17,0.18,209 x 736,0.23,-0.02211,0.00257,0.0234,-0.11641,-0.00144,0.47482,193.0,39.0,0.091
237,1646168400,2022-03-01 16:00,2022-03-01,16.0,429.99,2022-03-04,1646427600,3.0,1.0,0.0,0.0,-0.003,0.04014,0.00023,0.0,27.15,33 x 33,37.42,38.57,392.0,0.18,0.19,182 x 643,0.18,-0.02415,0.00278,0.02497,-0.12198,-0.00118,0.4684,311.0,38.0,0.088
238,1646168400,2022-03-01 16:00,2022-03-01,16.0,429.99,2022-03-04,1646427600,3.0,0.99778,0.00052,0.00336,-0.01083,0.03967,0.31879,0.0,43.94,33 x 33,36.44,37.58,393.0,0.19,0.2,428 x 583,0.3,-0.025,0.00294,0.02531,-0.12757,-0.00109,0.46134,244.0,37.0,0.086
239,1646168400,2022-03-01 16:00,2022-03-01,16.0,429.99,2022-03-04,1646427600,3.0,0.95503,0.00424,0.04119,-0.24661,0.03832,0.51763,,0.0,300 x 300,35.93,36.91,394.0,0.2,0.21,905 x 144,0.26,-0.02681,0.00314,0.02748,-0.13279,-0.00107,0.45418,10395.0,36.0,0.084
240,1646168400,2022-03-01 16:00,2022-03-01,16.0,429.99,2022-03-04,1646427600,3.0,0.96455,0.0038,0.03379,-0.18318,0.03914,0.47212,2.0,35.37,25 x 25,34.9,35.69,395.0,0.22,0.23,160 x 736,0.33,-0.02975,0.00345,0.02941,-0.14296,-0.00119,0.44975,142.0,35.0,0.081
241,1646168400,2022-03-01 16:00,2022-03-01,16.0,429.99,2022-03-04,1646427600,3.0,0.99395,0.00121,0.00814,-0.02529,0.04038,0.32906,0.0,33.0,33 x 33,33.48,34.58,396.0,0.23,0.24,860 x 128,0.35,-0.03096,0.00365,0.03036,-0.14806,-0.00155,0.44173,368.0,34.0,0.079
242,1646168400,2022-03-01 16:00,2022-03-01,16.0,429.99,2022-03-04,1646427600,3.0,0.98668,0.00221,0.01495,-0.05651,0.04004,0.36034,0.0,39.46,33 x 33,32.47,33.68,397.0,0.25,0.26,792 x 160,0.41,-0.03322,0.00398,0.03243,-0.15734,-0.00179,0.43674,267.0,33.0,0.077
243,1646168400,2022-03-01 16:00,2022-03-01,16.0,429.99,2022-03-04,1646427600,3.0,0.95746,0.00467,0.03933,-0.20588,0.03911,0.45029,0.0,53.15,25 x 25,31.95,32.74,398.0,0.27,0.28,680 x 128,0.28,-0.03677,0.0042,0.03484,-0.16794,-0.00192,0.43135,977.0,32.0,0.074
244,1646168400,2022-03-01 16:00,2022-03-01,16.0,429.99,2022-03-04,1646427600,3.0,0.95944,0.00463,0.0382,-0.18696,0.03909,0.42929,0.0,38.6,33 x 33,30.76,31.86,399.0,0.3,0.31,185 x 441,0.35,-0.04041,0.00459,0.03801,-0.18239,-0.00131,0.42831,305.0,31.0,0.072
245,1646168400,2022-03-01 16:00,2022-03-01,16.0,429.99,2022-03-04,1646427600,3.0,0.95187,0.0053,0.044,-0.22566,0.03908,0.43762,47.0,30.11,25 x 25,30.0,30.78,400.0,0.33,0.34,1 x 663,0.33,-0.04403,0.00503,0.04081,-0.19643,-0.0021,0.42452,4991.0,30.0,0.07
246,1646168400,2022-03-01 16:00,2022-03-01,16.0,429.99,2022-03-04,1646427600,3.0,0.96385,0.00468,0.0342,-0.15227,0.03959,0.38877,5.0,28.67,273 x 300,28.98,29.51,401.0,0.35,0.36,470 x 150,0.41,-0.04687,0.00536,0.04278,-0.20448,-0.00185,0.41705,734.0,29.0,0.067
247,1646168400,2022-03-01 16:00,2022-03-01,16.0,429.99,2022-03-04,1646427600,3.0,0.95202,0.00567,0.04327,-0.20849,0.03869,0.40593,0.0,31.45,300 x 33,27.96,28.76,402.0,0.38,0.4,661 x 840,0.39,-0.0507,0.00584,0.04521,-0.22055,-0.0019,0.41263,605.0,28.0,0.065
248,1646168400,2022-03-01 16:00,2022-03-01,16.0,429.99,2022-03-04,1646427600,3.0,0.94408,0.00634,0.04883,-0.24182,0.03819,0.40967,0.0,31.42,33 x 33,26.89,27.98,403.0,0.42,0.44,571 x 650,0.43,-0.05625,0.00635,0.04907,-0.23729,-0.00213,0.40874,1015.0,27.0,0.063
249,1646168400,2022-03-01 16:00,2022-03-01,16.0,429.99,2022-03-04,1646427600,3.0,0.9312,0.00729,0.0574,-0.2988,0.03819,0.42293,0.0,28.78,20 x 2,25.99,27.15,404.0,0.46,0.48,449 x 614,0.69,-0.06079,0.00686,0.05263,-0.25341,-0.00257,0.40464,328.0,26.0,0.06
250,1646168400,2022-03-01 16:00,2022-03-01,16.0,429.99,2022-03-04,1646427600,3.0,0.93226,0.0075,0.05698,-0.28059,0.03865,0.40242,17.0,25.78,33 x 33,25.0,26.06,405.0,0.51,0.53,196 x 312,0.55,-0.06652,0.00747,0.05612,-0.27331,-0.00342,0.40137,1844.0,25.0,0.058
251,1646168400,2022-03-01 16:00,2022-03-01,16.0,429.99,2022-03-04,1646427600,3.0,0.93077,0.00785,0.05805,-0.27756,0.03849,0.39,0.0,25.02,2 x 1,23.81,25.25,406.0,0.57,0.58,50 x 182,0.65,-0.07349,0.00806,0.06058,-0.29384,-0.00359,0.39782,1314.0,24.0,0.056
252,1646168400,2022-03-01 16:00,2022-03-01,16.0,429.99,2022-03-04,1646427600,3.0,0.93483,0.00804,0.05471,-0.24347,0.0389,0.3633,0.0,14.53,33 x 33,22.92,23.99,407.0,0.63,0.65,106 x 181,0.65,-0.08106,0.00873,0.06524,-0.31768,-0.00406,0.39478,631.0,23.0,0.053
253,1646168400,2022-03-01 16:00,2022-03-01,16.0,429.99,2022-03-04,1646427600,3.0,0.90663,0.00962,0.07269,-0.36931,0.03737,0.40003,13.0,21.9,25 x 25,22.41,23.14,408.0,0.72,0.72,61 x 182,0.69,-0.08964,0.00944,0.07083,-0.34536,-0.00437,0.39288,3112.0,22.0,0.051
254,1646168400,2022-03-01 16:00,2022-03-01,16.0,429.99,2022-03-04,1646427600,3.0,0.89778,0.01032,0.07777,-0.39282,0.03716,0.39639,0.0,28.99,25 x 25,21.49,22.21,409.0,0.8,0.82,59 x 78,0.82,-0.09877,0.01022,0.07601,-0.37496,-0.00404,0.39161,1115.0,21.0,0.049
255,1646168400,2022-03-01 16:00,2022-03-01,16.0,429.99,2022-03-04,1646427600,3.0,0.88834,0.01107,0.08238,-0.41765,0.0364,0.39321,33.0,22.0,25 x 25,20.58,21.29,410.0,0.85,0.86,86 x 60,0.86,-0.10544,0.01102,0.07921,-0.38712,-0.0049,0.38301,4136.0,20.0,0.046
256,1646168400,2022-03-01 16:00,2022-03-01,16.0,429.99,2022-03-04,1646427600,3.0,0.87875,0.01196,0.08785,-0.4443,0.03693,0.38963,17.0,20.41,25 x 32,19.68,20.38,411.0,0.95,0.97,27 x 194,0.96,-0.11632,0.01186,0.08571,-0.4182,-0.00524,0.38156,1298.0,19.0,0.044
257,1646168400,2022-03-01 16:00,2022-03-01,16.0,429.99,2022-03-04,1646427600,3.0,0.86819,0.01278,0.09268,-0.47087,0.03584,0.38512,1.0,19.76,25 x 32,18.78,19.48,412.0,1.05,1.08,50 x 164,1.06,-0.12757,0.01267,0.09079,-0.44721,-0.0055,0.3785,801.0,18.0,0.042
258,1646168400,2022-03-01 16:00,2022-03-01,16.0,429.99,2022-03-04,1646427600,3.0,0.85542,0.01367,0.09856,-0.50236,0.03523,0.38293,0.0,23.73,15 x 15,18.09,18.42,413.0,1.19,1.17,41 x 55,1.19,-0.13927,0.01362,0.09623,-0.47717,-0.00578,0.37593,2101.0,17.0,0.04
259,1646168400,2022-03-01 16:00,2022-03-01,16.0,429.99,2022-03-04,1646427600,3.0,0.83993,0.01454,0.10552,-0.54588,0.03462,0.38541,21.0,17.92,15 x 15,17.22,17.65,414.0,1.29,1.31,50 x 90,1.31,-0.15198,0.01455,0.10227,-0.50483,-0.00713,0.37212,3448.0,16.0,0.037
260,1646168400,2022-03-01 16:00,2022-03-01,16.0,429.99,2022-03-04,1646427600,3.0,0.84138,0.01555,0.10494,-0.50241,0.03491,0.35767,19.0,16.02,20 x 20,16.03,16.59,415.0,1.42,1.46,78 x 367,1.45,-0.16629,0.01553,0.1088,-0.53554,-0.00732,0.36908,5386.0,15.0,0.035
261,1646168400,2022-03-01 16:00,2022-03-01,16.0,429.99,2022-03-04,1646427600,3.0,0.8126,0.0164,0.11661,-0.60097,0.03371,0.37749,14.0,15.63,300 x 300,15.51,15.92,416.0,1.57,1.6,65 x 81,1.71,-0.18063,0.01655,0.11462,-0.56436,-0.00843,0.3659,3250.0,14.0,0.033
262,1646168400,2022-03-01 16:00,2022-03-01,16.0,429.99,2022-03-04,1646427600,3.0,0.7973,0.01736,0.12272,-0.62683,0.03396,0.37335,20.0,14.67,20 x 300,14.68,15.06,417.0,1.73,1.78,75 x 127,1.81,-0.19618,0.01754,0.12042,-0.59613,-0.00925,0.36401,1152.0,13.0,0.03
263,1646168400,2022-03-01 16:00,2022-03-01,16.0,429.99,2022-03-04,1646427600,3.0,0.782,0.01838,0.12763,-0.65073,0.0334,0.36823,14.0,12.09,252 x 300,13.88,14.18,418.0,1.91,1.94,114 x 64,2.02,-0.21261,0.01862,0.12595,-0.62374,-0.00927,0.36016,3571.0,12.0,0.028
264,1646168400,2022-03-01 16:00,2022-03-01,16.0,429.99,2022-03-04,1646427600,3.0,0.76409,0.0193,0.13397,-0.68398,0.03173,0.36719,51.0,14.12,300 x 300,13.07,13.43,419.0,2.11,2.12,16 x 32,2.09,-0.23019,0.0196,0.13182,-0.65175,-0.01005,0.35611,2562.0,11.0,0.026
265,1646168400,2022-03-01 16:00,2022-03-01,16.0,429.99,2022-03-04,1646427600,3.0,0.74668,0.02035,0.13918,-0.70441,0.0315,0.36121,113.0,12.25,25 x 30,12.3,12.57,420.0,2.31,2.36,111 x 32,2.34,-0.25023,0.02061,0.13769,-0.68127,-0.01102,0.35421,15985.0,10.0,0.023
266,1646168400,2022-03-01 16:00,2022-03-01,16.0,429.99,2022-03-04,1646427600,3.0,0.73167,0.0217,0.14282,-0.70419,0.03071,0.34938,18.0,11.68,50 x 300,11.4,11.67,421.0,2.59,2.56,31 x 27,2.59,-0.27033,0.02158,0.14406,-0.70927,-0.01214,0.35169,5544.0,9.0,0.021
267,1646168400,2022-03-01 16:00,2022-03-01,16.0,429.99,2022-03-04,1646427600,3.0,0.70718,0.02238,0.14998,-0.74815,0.0296,0.35365,43.0,11.02,35 x 250,10.75,11.03,422.0,2.8,2.84,50 x 11,2.86,-0.29078,0.02259,0.14881,-0.73238,-0.0127,0.3484,2486.0,8.0,0.019
268,1646168400,2022-03-01 16:00,2022-03-01,16.0,429.99,2022-03-04,1646427600,3.0,0.68516,0.02341,0.15425,-0.76626,0.02889,0.34902,137.0,10.02,35 x 116,9.95,10.33,423.0,3.03,3.08,29 x 48,3.07,-0.31182,0.02371,0.15344,-0.74841,-0.01356,0.34319,2471.0,7.0,0.016
269,1646168400,2022-03-01 16:00,2022-03-01,16.0,429.99,2022-03-04,1646427600,3.0,0.66915,0.02518,0.15769,-0.7446,0.02862,0.33104,393.0,9.45,33 x 300,8.92,9.47,424.0,3.34,3.36,50 x 23,3.37,-0.33506,0.02458,0.15849,-0.76919,-0.01529,0.34088,2441.0,6.0,0.014
270,1646168400,2022-03-01 16:00,2022-03-01,16.0,429.99,2022-03-04,1646427600,3.0,0.63881,0.02513,0.16271,-0.80149,0.02696,0.343,876.0,8.51,18 x 18,8.72,8.78,425.0,3.71,3.79,28 x 34,3.64,-0.36194,0.0251,0.16306,-0.79957,-0.01651,0.34332,8856.0,5.0,0.012
271,1646168400,2022-03-01 16:00,2022-03-01,16.0,429.99,2022-03-04,1646427600,3.0,0.61838,0.02696,0.16598,-0.77471,0.0264,0.32478,968.0,7.93,33 x 6,7.57,8.1,426.0,3.97,4.02,44 x 8,3.9,-0.38425,0.02629,0.16585,-0.7975,-0.01736,0.33522,2597.0,4.0,0.009
272,1646168400,2022-03-01 16:00,2022-03-01,16.0,429.99,2022-03-04,1646427600,3.0,0.59182,0.02782,0.16859,-0.7807,0.02562,0.32111,1387.0,7.29,33 x 50,6.94,7.4,427.0,4.33,4.34,8 x 18,4.25,-0.41072,0.02708,0.16911,-0.80301,-0.01816,0.33015,3652.0,3.0,0.007
273,1646168400,2022-03-01 16:00,2022-03-01,16.0,429.99,2022-03-04,1646427600,3.0,0.56407,0.02827,0.17065,-0.79254,0.02416,0.32017,2060.0,6.86,33 x 28,6.57,6.63,428.0,4.71,4.72,7 x 18,4.71,-0.4378,0.02774,0.17091,-0.80712,-0.01897,0.32748,5453.0,2.0,0.005
274,1646168400,2022-03-01 16:00,2022-03-01,16.0,429.99,2022-03-04,1646427600,3.0,0.53461,0.02804,0.17267,-0.81571,0.02265,0.32637,2634.0,6.2,50 x 32,6.15,6.18,429.0,5.11,5.12,7 x 18,5.0,-0.46545,0.02823,0.17309,-0.80604,-0.02016,0.32366,7341.0,1.0,0.002
275,1646168400,2022-03-01 16:00,2022-03-01,16.0,429.99,2022-03-04,1646427600,3.0,0.5061,0.02824,0.17358,-0.81545,0.02207,0.32447,9577.0,5.64,50 x 98,5.6,5.66,430.0,5.53,5.6,12 x 77,5.45,-0.49327,0.02882,0.17365,-0.80294,-0.02147,0.32127,15654.0,0.0,0.0
276,1646168400,2022-03-01 16:00,2022-03-01,16.0,429.99,2022-03-04,1646427600,3.0,0.47631,0.02955,0.17291,-0.77703,0.02025,0.31,4998.0,4.92,33 x 28,4.87,4.93,431.0,5.98,6.01,33 x 59,5.9,-0.52278,0.02901,0.17279,-0.78804,-0.02246,0.31583,2921.0,1.0,0.002
277,1646168400,2022-03-01 16:00,2022-03-01,16.0,429.99,2022-03-04,1646427600,3.0,0.44804,0.02899,0.17215,-0.78115,0.01949,0.31441,6507.0,4.62,82 x 82,4.5,4.54,432.0,6.43,6.57,50 x 56,6.62,-0.55243,0.02903,0.17231,-0.77509,-0.02435,0.31359,4354.0,2.0,0.005
278,1646168400,2022-03-01 16:00,2022-03-01,16.0,429.99,2022-03-04,1646427600,3.0,0.41875,0.02891,0.16967,-0.76095,0.01813,0.31127,4210.0,3.92,31 x 22,4.02,4.07,433.0,6.98,7.08,27 x 42,7.05,-0.58183,0.02891,0.16986,-0.756,-0.02474,0.31086,4554.0,3.0,0.007
279,1646168400,2022-03-01 16:00,2022-03-01,16.0,429.99,2022-03-04,1646427600,3.0,0.38597,0.02937,0.16651,-0.7144,0.01687,0.2997,7233.0,3.46,34 x 28,3.43,3.48,434.0,7.56,7.7,250 x 13,7.55,-0.61015,0.02844,0.1665,-0.73914,-0.02599,0.30956,2842.0,4.0,0.009
280,1646168400,2022-03-01 16:00,2022-03-01,16.0,429.99,2022-03-04,1646427600,3.0,0.35842,0.02848,0.16237,-0.69999,0.01497,0.30169,12994.0,3.15,90 x 60,3.12,3.15,435.0,8.01,8.13,42 x 36,8.3,-0.64368,0.02876,0.16225,-0.68626,-0.02737,0.29788,7807.0,5.0,0.012
281,1646168400,2022-03-01 16:00,2022-03-01,16.0,429.99,2022-03-04,1646427600,3.0,0.32817,0.02797,0.15729,-0.66412,0.01385,0.29799,4608.0,2.81,30 x 12,2.71,2.76,436.0,8.51,8.83,300 x 35,10.57,-0.67385,0.02819,0.15639,-0.64981,-0.02824,0.29334,1341.0,6.0,0.014
282,1646168400,2022-03-01 16:00,2022-03-01,16.0,429.99,2022-03-04,1646427600,3.0,0.29872,0.0271,0.15032,-0.62691,0.01308,0.29442,4554.0,2.4,62 x 54,2.37,2.4,437.0,9.18,9.72,30 x 20,9.77,-0.6985,0.02676,0.15191,-0.63657,-0.02879,0.29859,981.0,7.0,0.016
283,1646168400,2022-03-01 16:00,2022-03-01,16.0,429.99,2022-03-04,1646427600,3.0,0.27005,0.02616,0.14404,-0.58345,0.01147,0.29073,3719.0,2.06,64 x 27,2.04,2.06,438.0,9.8,10.11,5 x 5,11.0,-0.73462,0.02641,0.14198,-0.56227,-0.03047,0.28368,2419.0,8.0,0.019
284,1646168400,2022-03-01 16:00,2022-03-01,16.0,429.99,2022-03-04,1646427600,3.0,0.2421,0.02509,0.13568,-0.53938,0.01085,0.28633,2604.0,1.72,63 x 54,1.74,1.77,439.0,10.45,10.83,8 x 300,11.02,-0.76444,0.02524,0.13353,-0.51219,-0.03089,0.27806,1591.0,9.0,0.021
285,1646168400,2022-03-01 16:00,2022-03-01,16.0,429.99,2022-03-04,1646427600,3.0,0.21083,0.02391,0.12498,-0.47652,0.00939,0.27774,17987.0,1.47,42 x 35,1.4,1.44,440.0,11.13,11.5,25 x 1,12.6,-0.79612,0.02388,0.12325,-0.44989,-0.03124,0.27011,677.0,10.0,0.023
286,1646168400,2022-03-01 16:00,2022-03-01,16.0,429.99,2022-03-04,1646427600,3.0,0.18926,0.02231,0.11772,-0.44433,0.0078,0.27892,2218.0,1.22,44 x 112,1.23,1.26,441.0,11.88,12.36,300 x 300,13.43,-0.81893,0.02207,0.11484,-0.41172,-0.0315,0.26933,32.0,11.0,0.026
287,1646168400,2022-03-01 16:00,2022-03-01,16.0,429.99,2022-03-04,1646427600,3.0,0.16592,0.02072,0.10794,-0.39939,0.00755,0.27688,2452.0,1.06,5 x 126,1.03,1.06,442.0,12.67,13.16,20 x 20,13.43,-0.84282,0.02016,0.10377,-0.36384,-0.03102,0.26467,23.0,12.0,0.028
288,1646168400,2022-03-01 16:00,2022-03-01,16.0,429.99,2022-03-04,1646427600,3.0,0.14406,0.0191,0.0986,-0.3555,0.00596,0.27355,2241.0,0.87,130 x 130,0.86,0.88,443.0,13.21,14.43,2 x 2,12.76,-0.85754,0.01836,0.09784,-0.3436,-0.03057,0.26998,13.0,13.0,0.03
289,1646168400,2022-03-01 16:00,2022-03-01,16.0,429.99,2022-03-04,1646427600,3.0,0.12349,0.01736,0.08884,-0.31147,0.00532,0.27124,1560.0,0.74,130 x 143,0.7,0.73,444.0,14.43,15.09,15 x 15,15.47,-0.8681,0.01677,0.09252,-0.33234,-0.03076,0.27753,10.0,14.0,0.033
290,1646168400,2022-03-01 16:00,2022-03-01,16.0,429.99,2022-03-04,1646427600,3.0,0.10596,0.01573,0.07992,-0.27293,0.00492,0.2696,3520.0,0.6,50 x 455,0.58,0.6,445.0,15.1,16.05,15 x 20,17.67,-0.88974,0.01463,0.08154,-0.27808,-0.02953,0.26903,40.0,15.0,0.035
291,1646168400,2022-03-01 16:00,2022-03-01,16.0,429.99,2022-03-04,1646427600,3.0,0.08991,0.01401,0.07104,-0.23515,0.00347,0.26751,2408.0,0.49,21 x 225,0.47,0.49,446.0,15.78,17.07,2 x 2,16.37,-0.90897,0.0123,0.0705,-0.23252,-0.02705,0.26192,10.0,16.0,0.037
292,1646168400,2022-03-01 16:00,2022-03-01,16.0,429.99,2022-03-04,1646427600,3.0,0.0756,0.01239,0.06216,-0.19911,0.00327,0.26448,1941.0,0.39,159 x 130,0.38,0.39,447.0,16.68,18.17,2 x 2,19.0,-0.91145,0.01139,0.06867,-0.23781,-0.02673,0.27436,14.0,17.0,0.04
293,1646168400,2022-03-01 16:00,2022-03-01,16.0,429.99,2022-03-04,1646427600,3.0,0.06348,0.01084,0.05404,-0.17074,0.0026,0.26423,1109.0,0.32,150 x 386,0.31,0.32,448.0,17.9,18.44,300 x 300,19.29,-0.93857,0.0065,0.05014,-0.15805,-0.02009,0.24316,284.0,18.0,0.042
294,1646168400,2022-03-01 16:00,2022-03-01,16.0,429.99,2022-03-04,1646427600,3.0,0.05302,0.00953,0.04693,-0.14534,0.00266,0.26314,692.0,0.26,153 x 460,0.25,0.26,449.0,18.82,19.38,20 x 300,14.63,-0.94551,0.00395,0.04604,-0.09015,-0.01678,0.24055,3.0,19.0,0.044
295,1646168400,2022-03-01 16:00,2022-03-01,16.0,429.99,2022-03-04,1646427600,3.0,0.04627,0.00839,0.04192,-0.12651,0.00227,0.26422,5996.0,0.21,5 x 735,0.21,0.22,450.0,19.78,20.44,300 x 300,20.28,-0.94426,0.00387,0.04592,-0.10016,-0.01725,0.2536,40.0,20.0,0.047
296,1646168400,2022-03-01 16:00,2022-03-01,16.0,429.99,2022-03-04,1646427600,3.0,0.03704,0.00707,0.03482,-0.10204,0.00168,0.2619,419.0,0.16,369 x 532,0.16,0.17,451.0,20.73,21.28,20 x 193,20.09,-1.0,0.0,0.0,0.0,0.0,,5.0,21.0,0.049
297,1646168400,2022-03-01 16:00,2022-03-01,16.0,429.99,2022-03-04,1646427600,3.0,0.03126,0.00607,0.03048,-0.08641,0.00104,0.2624,399.0,0.13,238 x 792,0.13,0.14,452.0,21.64,22.25,20 x 300,24.3,-1.0,0.0,0.0,0.0,0.0,,12.0,22.0,0.051
298,1646168400,2022-03-01 16:00,2022-03-01,16.0,429.99,2022-03-04,1646427600,3.0,0.02507,0.0051,0.02494,-0.06953,0.0014,0.26059,153.0,0.11,1321 x 160,0.1,0.11,453.0,22.67,23.35,20 x 20,22.86,-1.0,0.0,0.0,0.0,0.0,-0.00046,24.0,23.0,0.054
299,1646168400,2022-03-01 16:00,2022-03-01,16.0,429.99,2022-03-04,1646427600,3.0,0.02028,0.00437,0.021,-0.05767,0.00073,0.26115,184.0,0.07,900 x 553,0.08,0.09,454.0,23.77,24.2,20 x 20,21.24,-1.0,0.0,0.0,0.0,0.0,,0.0,24.0,0.056
300,1646168400,2022-03-01 16:00,2022-03-01,16.0,429.99,2022-03-04,1646427600,3.0,0.01841,0.00385,0.01882,-0.05227,0.00068,0.26527,1220.0,0.08,68 x 1974,0.07,0.08,455.0,24.34,25.56,2 x 20,24.0,-1.0,0.0,0.0,0.0,0.0,,3.0,25.0,0.058
301,1646168400,2022-03-01 16:00,2022-03-01,16.0,429.99,2022-03-04,1646427600,3.0,0.01424,0.00309,0.01536,-0.03968,0.00102,0.26273,293.0,0.06,1088 x 356,0.05,0.06,456.0,25.33,26.55,2 x 20,32.95,-1.0,0.0,0.0,0.0,0.0,,0.0,26.0,0.06
302,1646168400,2022-03-01 16:00,2022-03-01,16.0,429.99,2022-03-04,1646427600,3.0,0.01193,0.00267,0.01345,-0.03355,0.00038,0.26368,363.0,0.05,983 x 514,0.04,0.05,457.0,26.62,27.37,20 x 25,26.86,-1.0,0.0,0.0,0.0,0.0,,10.0,27.0,0.063
303,1646168400,2022-03-01 16:00,2022-03-01,16.0,429.99,2022-03-04,1646427600,3.0,0.00879,0.00215,0.01055,-0.02674,0.00035,0.26323,1204.0,0.05,1103 x 270,0.03,0.04,458.0,27.32,28.53,2 x 20,31.18,-1.0,0.0,0.0,0.0,0.0,,0.0,28.0,0.065
304,1646168400,2022-03-01 16:00,2022-03-01,16.0,429.99,2022-03-04,1646427600,3.0,0.00857,0.00209,0.01074,-0.02671,0.00046,0.27075,192.0,0.05,228 x 1310,0.03,0.04,459.0,28.54,29.28,20 x 20,21.53,-1.0,0.0,0.0,0.0,0.0,,0.0,29.0,0.067
305,1646168400,2022-03-01 16:00,2022-03-01,16.0,429.99,2022-03-04,1646427600,3.0,0.00624,0.00165,0.00805,-0.02006,0.00047,0.26866,869.0,0.03,1107 x 636,0.02,0.03,460.0,29.6,30.33,20 x 20,30.78,-1.0,0.0,0.0,0.0,0.0,,3.0,30.0,0.07
306,1646168400,2022-03-01 16:00,2022-03-01,16.0,429.99,2022-03-04,1646427600,3.0,0.00689,0.00156,0.00798,-0.01945,0.00064,0.27615,314.0,0.03,267 x 322,0.02,0.03,461.0,30.59,31.14,20 x 300,26.81,-1.0,0.0,0.0,0.0,0.0,,0.0,31.0,0.072
307,1646168400,2022-03-01 16:00,2022-03-01,16.0,429.99,2022-03-04,1646427600,3.0,0.00426,0.00103,0.00519,-0.01279,8e-05,0.26891,264.0,0.02,1619 x 170,0.01,0.02,462.0,31.53,32.13,20 x 300,32.1,-1.0,0.0,0.0,0.0,0.0,,2.0,32.0,0.074
308,1646168400,2022-03-01 16:00,2022-03-01,16.0,429.99,2022-03-04,1646427600,3.0,0.00445,0.00102,0.00486,-0.0128,0.00066,0.27609,66.0,0.03,1349 x 636,0.01,0.02,463.0,32.59,33.26,20 x 20,34.1,-1.0,0.0,0.0,0.0,0.0,,3.0,33.0,0.077
309,1646168400,2022-03-01 16:00,2022-03-01,16.0,429.99,2022-03-04,1646427600,3.0,0.00437,0.00101,0.00548,-0.01233,0.00065,0.28316,5.0,0.02,1288 x 354,0.01,0.02,464.0,33.3,34.5,2 x 20,21.13,-1.0,0.0,0.0,0.0,0.0,,0.0,34.0,0.079
310,1646168400,2022-03-01 16:00,2022-03-01,16.0,429.99,2022-03-04,1646427600,3.0,0.00355,0.00098,0.00477,-0.01299,0.00061,0.28953,19.0,0.02,391 x 362,0.01,0.02,465.0,34.3,35.5,2 x 20,27.52,-1.0,0.0,0.0,0.0,0.0,,0.0,35.0,0.081
311,1646168400,2022-03-01 16:00,2022-03-01,16.0,429.99,2022-03-04,1646427600,3.0,0.00347,0.00089,0.0054,-0.01225,-0.00026,0.29658,2.0,0.01,245 x 369,0.01,0.02,466.0,35.59,36.25,20 x 20,32.84,-1.0,0.0,0.0,0.0,0.0,,0.0,36.0,0.084
312,1646168400,2022-03-01 16:00,2022-03-01,16.0,429.99,2022-03-04,1646427600,3.0,0.00365,0.00084,0.00447,-0.01248,0.00042,0.30444,0.0,0.04,552 x 413,0.01,0.02,467.0,36.59,37.31,20 x 20,47.38,-1.0,0.0,0.0,0.0,0.0,,0.0,37.0,0.086
313,1646168400,2022-03-01 16:00,2022-03-01,16.0,429.99,2022-03-04,1646427600,3.0,0.00382,0.00085,0.00431,-0.01286,0.00046,0.31064,316.0,0.02,236 x 1637,0.01,0.02,468.0,37.6,38.12,300 x 300,52.78,-1.0,0.0,0.0,0.0,0.0,,0.0,38.0,0.088
314,1646168400,2022-03-01 16:00,2022-03-01,16.0,429.99,2022-03-04,1646427600,3.0,0.00316,0.00081,0.0049,-0.01288,0.00064,0.31782,0.0,0.02,170 x 1652,0.01,0.02,469.0,38.59,39.12,20 x 300,32.02,-1.0,0.0,0.0,0.0,0.0,,0.0,39.0,0.091
315,1646168400,2022-03-01 16:00,2022-03-01,16.0,429.99,2022-03-04,1646427600,3.0,0.00263,0.00061,0.00308,-0.00838,0.00022,0.31318,37.0,0.01,170 x 256,0.01,0.01,470.0,39.3,40.5,2 x 20,40.78,-1.0,0.0,0.0,0.0,0.0,,4.0,40.0,0.093
316,1646168400,2022-03-01 16:00,2022-03-01,16.0,429.99,2022-03-04,1646427600,3.0,0.0026,0.00055,0.00302,-0.00866,0.00012,0.31917,0.0,0.02,170 x 393,0.01,0.01,471.0,40.47,41.12,300 x 300,36.71,-1.0,0.0,0.0,0.0,0.0,,3.0,41.0,0.095
317,1646168400,2022-03-01 16:00,2022-03-01,16.0,429.99,2022-03-04,1646427600,3.0,0.00124,0.00038,0.00234,-0.00415,0.00053,0.30564,0.0,0.02,0 x 204,0.0,0.01,472.0,41.71,42.11,20 x 20,37.99,-1.0,0.0,0.0,0.0,0.0,,0.0,42.0,0.098
318,1646168400,2022-03-01 16:00,2022-03-01,16.0,429.99,2022-03-04,1646427600,3.0,0.00095,0.0003,0.00202,-0.00429,9e-05,0.31178,0.0,0.02,0 x 370,0.0,0.01,473.0,42.59,43.25,20 x 20,29.0,-1.0,0.0,0.0,0.0,0.0,,0.0,43.0,0.1
319,1646168400,2022-03-01 16:00,2022-03-01,16.0,429.99,2022-03-04,1646427600,3.0,0.00122,0.00034,0.00211,-0.00459,0.0005,0.31854,0.0,0.02,0 x 450,0.0,0.01,474.0,43.59,44.79,20 x 2,38.12,-0.93698,0.00141,0.04984,-0.18024,-0.01628,0.54508,0.0,44.0,0.102
320,1646168400,2022-03-01 16:00,2022-03-01,16.0,429.99,2022-03-04,1646427600,3.0,0.00189,0.00044,0.00269,-0.00871,-8e-05,0.34596,18.0,0.02,192 x 458,0.01,0.01,475.0,44.59,45.79,20 x 2,38.04,-0.93744,0.00133,0.04951,-0.18051,-0.01655,0.55566,0.0,45.0,0.105
321,1646168400,2022-03-01 16:00,2022-03-01,16.0,429.99,2022-03-04,1646427600,3.0,0.00141,0.00024,0.0016,-0.00399,0.00032,0.33044,681.0,0.01,0 x 437,0.0,0.01,476.0,45.6,46.24,300 x 300,42.75,-1.0,0.0,0.0,0.0,0.0,,1.0,46.0,0.107
322,1646168400,2022-03-01 16:00,2022-03-01,16.0,429.99,2022-03-04,1646427600,3.0,0.00094,0.00027,0.00171,-0.00398,0.0003,0.33691,302.0,0.01,0 x 935,0.0,0.01,477.0,46.3,47.49,2 x 20,48.89,-1.0,0.0,0.0,0.0,0.0,,1.0,47.0,0.109
323,1646168400,2022-03-01 16:00,2022-03-01,16.0,429.99,2022-03-04,1646427600,3.0,0.00134,0.00027,0.00135,-0.00406,-7e-05,0.34331,0.0,0.02,0 x 1059,0.0,0.01,478.0,47.3,48.49,2 x 20,46.27,-1.0,0.0,0.0,0.0,0.0,,1.0,48.0,0.112
324,1646168400,2022-03-01 16:00,2022-03-01,16.0,429.99,2022-03-04,1646427600,3.0,0.00141,0.00029,0.00204,-0.00439,-0.00019,0.34913,1086.0,0.01,0 x 900,0.0,0.01,479.0,48.59,49.11,20 x 300,28.99,-1.0,0.0,0.0,0.0,0.0,,0.0,49.0,0.114
325,1646168400,2022-03-01 16:00,2022-03-01,16.0,429.99,2022-03-04,1646427600,3.0,0.00081,0.00027,0.00128,-0.00442,-0.00015,0.35576,1.0,0.01,0 x 803,0.0,0.01,480.0,49.3,50.49,2 x 20,63.44,-1.0,0.0,0.0,0.0,0.0,,0.0,50.0,0.116
326,1646168400,2022-03-01 16:00,2022-03-01,16.0,429.99,2022-03-04,1646427600,3.0,0.00067,0.00023,0.00135,-0.00485,0.00032,0.36193,0.0,0.01,0 x 1177,0.0,0.01,481.0,50.59,51.31,20 x 20,0.0,-1.0,0.0,0.0,0.0,0.0,,,51.0,0.119
327,1646168400,2022-03-01 16:00,2022-03-01,16.0,429.99,2022-03-04,1646427600,3.0,0.00128,0.00028,0.00153,-0.00393,0.00051,0.36741,0.0,0.01,0 x 504,0.0,0.01,482.0,51.71,52.11,20 x 20,52.59,-1.0,0.0,0.0,0.0,0.0,,0.0,52.0,0.121
328,1646168400,2022-03-01 16:00,2022-03-01,16.0,429.99,2022-03-04,1646427600,3.0,0.00084,0.00027,0.00205,-0.00393,0.00019,0.37396,300.0,0.01,0 x 1015,0.0,0.01,483.0,52.71,53.37,20 x 20,38.25,-0.93745,0.00017,0.04832,-0.02956,-0.01308,0.61718,0.0,53.0,0.123
329,1646168400,2022-03-01 16:00,2022-03-01,16.0,429.99,2022-03-04,1646427600,3.0,0.00151,0.0002,0.00195,-0.00475,0.0001,0.38028,0.0,0.02,0 x 1104,0.0,0.01,484.0,53.3,54.31,2 x 20,60.79,-1.0,0.0,0.0,0.0,0.0,,0.0,54.0,0.126
330,1646168400,2022-03-01 16:00,2022-03-01,16.0,429.99,2022-03-04,1646427600,3.0,0.00134,0.0002,0.00204,-0.00417,-0.00011,0.38609,0.0,0.01,0 x 1250,0.0,0.01,485.0,54.59,55.31,20 x 20,57.48,-1.0,0.0,0.0,0.0,0.0,,0.0,55.0,0.128
331,1646168400,2022-03-01 16:00,2022-03-01,16.0,429.99,2022-03-04,1646427600,3.0,0.0006,0.00021,0.0019,-0.00439,0.0003,0.3916,0.0,0.01,0 x 1104,0.0,0.01,486.0,55.59,56.79,20 x 2,58.81,-0.93385,0.00088,0.05117,-0.17973,-0.01586,0.6812,0.0,56.0,0.13
332,1646168400,2022-03-01 16:00,2022-03-01,16.0,429.99,2022-03-04,1646427600,3.0,0.00064,0.00018,0.0017,-0.00403,-0.00036,0.39843,0.0,0.01,0 x 506,0.0,0.01,487.0,56.6,57.11,300 x 300,52.25,-1.0,0.0,0.0,0.0,0.0,,0.0,57.0,0.133
333,1646168400,2022-03-01 16:00,2022-03-01,16.0,429.99,2022-03-04,1646427600,3.0,0.00129,0.00022,0.00182,-0.00401,-9e-05,0.404,0.0,0.02,0 x 506,0.0,0.01,488.0,57.59,58.3,20 x 20,0.0,-1.0,0.0,0.0,0.0,0.0,,,58.0,0.135
334,1646168400,2022-03-01 16:00,2022-03-01,16.0,429.99,2022-03-04,1646427600,3.0,0.00091,0.00019,0.00129,-0.00415,-0.00033,0.40972,0.0,0.01,0 x 506,0.0,0.01,489.0,58.59,59.79,20 x 2,33.63,-0.93342,0.00077,0.05095,-0.17991,-0.01629,0.71578,0.0,59.0,0.137
335,1646168400,2022-03-01 16:00,2022-03-01,16.0,429.99,2022-03-04,1646427600,3.0,0.00135,0.00019,0.00129,-0.0047,0.00041,0.41633,0.0,0.01,0 x 1875,0.0,0.01,490.0,59.59,60.24,20 x 20,62.48,-1.0,0.0,0.0,0.0,0.0,,0.0,60.0,0.14
336,1646168400,2022-03-01 16:00,2022-03-01,16.0,429.99,2022-03-04,1646427600,3.0,0.00123,0.0002,0.00129,-0.00424,-0.0002,0.42229,0.0,0.01,0 x 516,0.0,0.01,491.0,60.6,61.11,300 x 300,45.49,-1.0,0.0,0.0,0.0,0.0,,0.0,61.0,0.142
337,1646168400,2022-03-01 16:00,2022-03-01,16.0,429.99,2022-03-04,1646427600,3.0,0.00136,0.00014,0.00189,-0.00447,-0.00044,0.42791,0.0,0.01,0 x 506,0.0,0.01,492.0,61.71,62.11,20 x 20,47.78,-1.0,0.0,0.0,0.0,0.0,,0.0,62.0,0.144
338,1646168400,2022-03-01 16:00,2022-03-01,16.0,429.99,2022-03-04,1646427600,3.0,0.00106,0.0002,0.00126,-0.00442,0.00052,0.43331,0.0,0.01,0 x 506,0.0,0.01,493.0,62.71,63.11,20 x 20,0.0,-1.0,0.0,0.0,0.0,0.0,,,63.0,0.147
339,1646168400,2022-03-01 16:00,2022-03-01,16.0,429.99,2022-03-04,1646427600,3.0,0.00109,0.00016,0.00181,-0.00482,7e-05,0.43963,0.0,0.01,0 x 506,0.0,0.01,494.0,63.59,64.11,20 x 300,0.0,-1.0,0.0,0.0,0.0,0.0,,,64.0,0.149
340,1646168400,2022-03-01 16:00,2022-03-01,16.0,429.99,2022-03-04,1646427600,3.0,0.00112,0.00018,0.0017,-0.00402,-0.00036,0.44572,5.0,0.01,0 x 506,0.0,0.01,495.0,64.59,65.24,20 x 20,55.54,-1.0,0.0,0.0,0.0,0.0,,0.0,65.0,0.151
341,1646168400,2022-03-01 16:00,2022-03-01,16.0,429.99,2022-03-04,1646427600,3.0,0.0009,0.00011,0.00174,-0.0045,-0.00012,0.45167,0.0,0.01,0 x 1204,0.0,0.01,496.0,65.59,66.24,20 x 20,0.0,-1.0,0.0,0.0,0.0,0.0,,,66.0,0.154
342,1646168400,2022-03-01 16:00,2022-03-01,16.0,429.99,2022-03-04,1646427600,3.0,0.00115,0.00016,0.00185,-0.00452,-0.00031,0.45733,0.0,0.01,0 x 1377,0.0,0.01,497.0,66.71,67.11,20 x 20,0.0,-1.0,0.0,0.0,0.0,0.0,,,67.0,0.156
343,1646168400,2022-03-01 16:00,2022-03-01,16.0,429.99,2022-03-04,1646427600,3.0,0.00113,0.00011,0.00171,-0.00404,0.00025,0.4629,0.0,0.01,0 x 1205,0.0,0.01,498.0,67.59,68.24,20 x 20,0.0,-1.0,0.0,0.0,0.0,0.0,,,68.0,0.158
344,1646168400,2022-03-01 16:00,2022-03-01,16.0,429.99,2022-03-04,1646427600,3.0,0.0012,0.00013,0.00115,-0.00483,0.00022,0.46861,0.0,0.01,0 x 1476,0.0,0.01,499.0,68.59,69.79,20 x 2,0.0,-0.93024,0.00063,0.05284,-0.18019,-0.01616,0.82957,,69.0,0.16
345,1646168400,2022-03-01 16:00,2022-03-01,16.0,429.99,2022-03-04,1646427600,3.0,0.00094,0.00015,0.00147,-0.00429,-0.00015,0.47386,30.0,0.01,0 x 3702,0.0,0.01,500.0,69.6,70.11,300 x 300,55.15,-1.0,0.0,0.0,0.0,0.0,,0.0,70.0,0.163
346,1646168400,2022-03-01 16:00,2022-03-01,16.0,429.99,2022-03-04,1646427600,3.0,0.00084,0.00012,0.00159,-0.00485,0.00052,0.48006,0.0,0.01,0 x 1476,0.0,0.01,501.0,70.59,71.24,20 x 20,0.0,-1.0,0.0,0.0,0.0,0.0,,,71.0,0.165
347,1646168400,2022-03-01 16:00,2022-03-01,16.0,429.99,2022-03-04,1646427600,3.0,0.00066,0.00012,0.0009,-0.00484,0.00012,0.48572,0.0,0.01,0 x 1476,0.0,0.01,502.0,71.71,72.36,20 x 20,0.0,-0.93072,5e-05,0.05168,-0.02464,-0.01341,0.83374,,72.0,0.167
348,1646168400,2022-03-01 16:00,2022-03-01,16.0,429.99,2022-03-04,1646427600,3.0,0.00122,9e-05,0.001,-0.00458,-0.00029,0.49107,0.0,0.01,0 x 1476,0.0,0.01,503.0,72.18,73.37,1 x 1,0.0,-1.0,0.0,0.0,0.0,0.0,,,73.0,0.17
349,1646168400,2022-03-01 16:00,2022-03-01,16.0,429.99,2022-03-04,1646427600,3.0,0.00092,0.00014,0.00134,-0.00489,-0.00038,0.49766,0.0,0.01,0 x 1476,0.0,0.01,504.0,73.53,74.11,20 x 300,0.0,-1.0,0.0,0.0,0.0,0.0,,,74.0,0.172
350,1646168400,2022-03-01 16:00,2022-03-01,16.0,429.99,2022-03-04,1646427600,3.0,0.00054,0.00014,0.00168,-0.00415,8e-05,0.50339,0.0,0.01,0 x 1476,0.0,0.01,505.0,74.18,75.37,1 x 1,42.15,-1.0,0.0,0.0,0.0,0.0,,0.0,75.0,0.174
351,1646168400,2022-03-01 16:00,2022-03-01,16.0,429.99,2022-03-04,1646427600,3.0,0.00065,0.0001,0.00103,-0.00471,0.00028,0.50836,0.0,0.01,0 x 1576,0.0,0.01,506.0,75.71,76.11,20 x 20,0.0,-1.0,0.0,0.0,0.0,0.0,,,76.0,0.177
352,1646168400,2022-03-01 16:00,2022-03-01,16.0,429.99,2022-03-04,1646427600,3.0,0.00067,0.00014,0.0017,-0.00438,-0.00021,0.51392,0.0,0.01,0 x 1576,0.0,0.01,507.0,76.59,77.24,20 x 20,0.0,-1.0,0.0,0.0,0.0,0.0,,,77.0,0.179
353,1646168400,2022-03-01 16:00,2022-03-01,16.0,429.99,2022-03-04,1646427600,3.0,0.00095,0.00016,0.00079,-0.00491,0.00015,0.52008,0.0,0.01,0 x 1476,0.0,0.01,508.0,77.59,78.3,20 x 20,0.0,-1.0,0.0,0.0,0.0,0.0,,,78.0,0.181
354,1646168400,2022-03-01 16:00,2022-03-01,16.0,429.99,2022-03-04,1646427600,3.0,0.00059,0.00013,0.00122,-0.00424,0.00031,0.52549,0.0,0.01,0 x 1304,0.0,0.01,509.0,78.59,79.78,20 x 2,0.0,-0.92666,0.00048,0.05463,-0.17522,-0.01551,0.94254,,79.0,0.184
355,1646168400,2022-03-01 16:00,2022-03-01,16.0,429.99,2022-03-04,1646427600,3.0,0.00078,0.0001,0.00115,-0.00412,7e-05,0.53055,0.0,0.01,0 x 1476,0.0,0.01,510.0,79.6,80.11,300 x 300,0.0,-1.0,0.0,0.0,0.0,0.0,,,80.0,0.186
356,1646168400,2022-03-01 16:00,2022-03-01,16.0,429.99,2022-03-04,1646427600,3.0,0.00078,0.00013,0.00125,-0.00459,0.00027,0.53624,0.0,0.01,0 x 1476,0.0,0.01,511.0,80.6,81.23,300 x 300,0.0,-1.0,0.0,0.0,0.0,0.0,,,81.0,0.188
357,1646168400,2022-03-01 16:00,2022-03-01,16.0,429.99,2022-03-04,1646427600,3.0,0.00048,9e-05,0.0015,-0.00405,0.00028,0.54192,0.0,0.01,0 x 1304,0.0,0.01,512.0,81.59,82.24,20 x 20,0.0,-1.0,0.0,0.0,0.0,0.0,,,82.0,0.191
358,1646168400,2022-03-01 16:00,2022-03-01,16.0,429.99,2022-03-04,1646427600,3.0,0.00109,0.00011,0.00118,-0.00435,-0.00044,0.54778,0.0,0.01,0 x 1404,0.0,0.01,513.0,82.59,83.78,20 x 2,0.0,-0.92486,0.00045,0.05434,-0.17524,-0.01612,0.98857,,83.0,0.193
359,1646168400,2022-03-01 16:00,2022-03-01,16.0,429.99,2022-03-04,1646427600,3.0,0.00034,0.00013,0.00159,-0.00487,-0.00034,0.55289,0.0,0.01,0 x 1404,0.0,0.01,514.0,83.71,84.11,20 x 20,76.32,-1.0,0.0,0.0,0.0,0.0,,0.0,84.0,0.195
360,1646168400,2022-03-01 16:00,2022-03-01,16.0,429.99,2022-03-04,1646427600,3.0,0.00046,0.00012,0.00104,-0.00462,-0.0001,0.55891,0.0,0.01,0 x 1576,0.0,0.01,515.0,84.59,85.3,20 x 20,0.0,-1.0,0.0,0.0,0.0,0.0,,,85.0,0.198
361,1646168400,2022-03-01 16:00,2022-03-01,16.0,429.99,2022-03-04,1646427600,3.0,0.00055,0.0001,0.00146,-0.00499,-0.00038,0.56378,0.0,0.01,0 x 1404,0.0,0.01,516.0,85.59,86.78,20 x 2,69.9,-0.92428,0.00038,0.05513,-0.17463,-0.01586,1.02275,0.0,86.0,0.2
362,1646168400,2022-03-01 16:00,2022-03-01,16.0,429.99,2022-03-04,1646427600,3.0,0.00099,0.00013,0.00075,-0.00427,-0.00037,0.56954,0.0,0.01,0 x 1576,0.0,0.01,517.0,86.59,87.78,20 x 2,0.0,-0.92363,0.00031,0.05532,-0.17474,-0.0156,1.03439,,87.0,0.202
363,1646168400,2022-03-01 16:00,2022-03-01,16.0,429.99,2022-03-04,1646427600,3.0,0.00102,0.00011,0.00087,-0.00403,-0.0003,0.57565,0.0,0.01,0 x 1404,0.0,0.01,518.0,87.71,88.11,20 x 20,0.0,-1.0,0.0,0.0,0.0,0.0,,,88.0,0.205
364,1646168400,2022-03-01 16:00,2022-03-01,16.0,429.99,2022-03-04,1646427600,3.0,0.00076,0.00014,0.00081,-0.00447,-0.00036,0.58072,0.0,0.01,0 x 1404,0.0,0.01,519.0,88.71,89.11,20 x 20,0.0,-1.0,0.0,0.0,0.0,0.0,,,89.0,0.207
365,1646168400,2022-03-01 16:00,2022-03-01,16.0,429.99,2022-03-04,1646427600,3.0,0.00054,0.00014,0.00098,-0.00401,0.00053,0.5856,0.0,0.01,0 x 1676,0.0,0.01,520.0,89.72,90.41,300 x 300,0.0,-0.92348,8e-05,0.05477,-0.05493,-0.01431,1.04643,,90.0,0.209
366,1646168400,2022-03-01 16:00,2022-03-01,16.0,429.99,2022-03-04,1646427600,3.0,0.0006,0.0001,0.00157,-0.00451,-0.0004,0.59715,0.0,0.01,0 x 1504,0.0,0.01,522.0,91.59,92.33,20 x 1,0.0,-1.0,0.0,0.0,0.0,0.0,,,92.0,0.214
367,1646168400,2022-03-01 16:00,2022-03-01,16.0,429.99,2022-03-04,1646427600,3.0,0.00106,4e-05,0.00064,-0.00403,1e-05,0.608,0.0,0.01,0 x 554,0.0,0.01,524.0,93.6,94.11,300 x 300,0.0,-1.0,0.0,0.0,0.0,0.0,,,94.0,0.219
368,1646168400,2022-03-01 16:00,2022-03-01,16.0,429.99,2022-03-04,1646427600,3.0,0.00056,0.00011,0.00109,-0.00407,0.0,0.61323,,0.0,0 x 1776,0.0,0.01,525.0,94.59,95.24,20 x 20,0.0,-1.0,0.0,0.0,0.0,0.0,,,95.0,0.221
369,1646168400,2022-03-01 16:00,2022-03-01,16.0,429.99,2022-03-04,1646427600,3.0,0.00117,0.0001,0.00106,-0.00466,8e-05,0.63916,0.0,0.01,0 x 1676,0.0,0.01,530.0,99.59,100.4,20 x 300,0.0,-1.0,0.0,0.0,0.0,0.0,,,100.0,0.233
370,1646168400,2022-03-01 16:00,2022-03-01,16.0,429.99,2022-03-04,1646427600,3.0,0.00058,9e-05,0.00081,-0.00425,0.00011,0.66595,0.0,0.01,0 x 554,0.0,0.01,535.0,104.59,105.3,20 x 20,0.0,-1.0,0.0,0.0,0.0,0.0,,,105.0,0.244
371,1646168400,2022-03-01 16:00,2022-03-01,16.0,429.99,2022-03-04,1646427600,3.0,0.00026,6e-05,0.00128,-0.00453,-0.00019,0.69224,0.0,0.01,0 x 553,0.0,0.01,540.0,109.6,110.23,300 x 300,0.0,-1.0,0.0,0.0,0.0,0.0,,,110.0,0.256
372,1646168400,2022-03-01 16:00,2022-03-01,16.0,429.99,2022-03-04,1646427600,3.0,0.00031,6e-05,0.00066,-0.00505,0.0,0.71759,0.0,0.01,0 x 554,0.0,0.01,545.0,114.72,115.4,300 x 300,111.48,-0.91379,6e-05,0.0586,-0.04996,-0.01533,1.33265,18.0,115.0,0.267
373,1646168400,2022-03-01 16:00,2022-03-01,16.0,429.99,2022-03-04,1646427600,3.0,0.00051,7e-05,0.00048,-0.00447,-5e-05,0.74312,0.0,0.01,0 x 1764,0.0,0.01,550.0,119.59,120.24,20 x 20,0.0,-1.0,0.0,0.0,0.0,0.0,,,120.0,0.279
374,1646168400,2022-03-01 16:00,2022-03-01,16.0,429.99,2022-03-04,1646427600,3.0,0.00059,8e-05,0.00086,-0.00417,0.00051,0.79251,0.0,0.01,0 x 1836,0.0,0.01,560.0,129.59,130.1,20 x 300,123.39,-1.0,0.0,0.0,0.0,0.0,,0.0,130.0,0.302
375,1646168400,2022-03-01 16:00,2022-03-01,16.0,429.99,2022-03-04,1646427600,3.0,9e-05,0.0001,0.00086,-0.00414,0.00044,0.84102,0.0,0.01,0 x 7275,0.0,0.01,570.0,139.59,140.33,20 x 1,0.0,-1.0,0.0,0.0,0.0,0.0,,,140.0,0.326